flight_id,departure_time,arrival_time,origin,destination,delay
1,2022-10-02 17:06:58.084721,2024-07-04 17:06:58.093674,JFK,ATL,False
2,2023-06-11 17:06:58.086295,2024-03-11 17:06:58.093683,JFK,JFK,True
3,2022-11-24 17:06:58.086325,2024-02-22 17:06:58.093690,JFK,ATL,True
4,2022-12-29 17:06:58.086335,2023-11-18 17:06:58.093696,DFW,ATL,False
5,2022-12-19 17:06:58.086344,2024-08-28 17:06:58.093703,LAX,LAX,False
6,2022-11-05 17:06:58.086352,2024-01-03 17:06:58.093710,ATL,JFK,False
7,2022-12-11 17:06:58.086360,2024-05-01 17:06:58.093717,DFW,DFW,True
8,2023-08-11 17:06:58.086368,2024-02-27 17:06:58.093723,ATL,JFK,True
9,2022-11-08 17:06:58.086376,2024-05-14 17:06:58.093730,LAX,SFO,False
10,2023-01-02 17:06:58.086384,2023-12-05 17:06:58.093737,DFW,JFK,False
11,2022-11-19 17:06:58.086392,2024-05-04 17:06:58.093743,JFK,SFO,True
12,2023-09-08 17:06:58.086400,2024-09-11 17:06:58.093749,DFW,JFK,True
13,2022-11-22 17:06:58.086408,2024-03-29 17:06:58.093756,DFW,JFK,True
14,2023-05-18 17:06:58.086416,2024-08-25 17:06:58.093763,LAX,LAX,False
15,2022-10-01 17:06:58.086424,2023-11-11 17:06:58.093769,ATL,ATL,True
16,2023-08-29 17:06:58.086432,2024-03-26 17:06:58.093776,JFK,LAX,False
17,2023-06-25 17:06:58.086439,2023-11-04 17:06:58.093786,SFO,JFK,False
18,2023-06-25 17:06:58.086448,2024-03-07 17:06:58.093792,DFW,SFO,True
19,2023-06-01 17:06:58.086456,2024-01-15 17:06:58.093799,SFO,DFW,True
20,2023-01-24 17:06:58.086464,2024-09-10 17:06:58.093806,JFK,SFO,False
21,2022-10-16 17:06:58.086471,2024-08-30 17:06:58.093812,DFW,ATL,False
22,2023-05-31 17:06:58.086479,2024-09-11 17:06:58.093819,LAX,JFK,True
23,2023-07-14 17:06:58.086487,2023-11-03 17:06:58.093826,JFK,LAX,False
24,2023-09-07 17:06:58.086495,2023-10-14 17:06:58.093832,DFW,DFW,False
25,2023-02-05 17:06:58.086502,2024-05-17 17:06:58.093839,DFW,LAX,False
26,2023-04-07 17:06:58.086511,2024-03-31 17:06:58.093846,LAX,ATL,False
27,2022-10-28 17:06:58.086518,2024-07-20 17:06:58.093852,SFO,SFO,True
28,2023-08-07 17:06:58.086526,2024-06-22 17:06:58.093859,ATL,ATL,False
29,2023-07-28 17:06:58.086534,2023-12-29 17:06:58.093865,DFW,DFW,True
30,2023-02-17 17:06:58.086542,2024-02-03 17:06:58.093872,SFO,SFO,True
31,2023-05-07 17:06:58.086550,2023-11-23 17:06:58.093878,DFW,SFO,False
32,2023-08-07 17:06:58.086557,2023-11-06 17:06:58.093885,LAX,SFO,False
33,2022-09-30 17:06:58.086565,2023-11-19 17:06:58.093891,JFK,LAX,True
34,2023-01-10 17:06:58.086573,2024-01-18 17:06:58.093898,DFW,DFW,True
35,2023-09-16 17:06:58.086581,2024-03-10 17:06:58.093904,SFO,SFO,False
36,2022-12-02 17:06:58.086589,2023-11-19 17:06:58.093911,LAX,ATL,False
37,2022-10-24 17:06:58.086597,2023-11-19 17:06:58.093917,JFK,JFK,False
38,2023-03-21 17:06:58.086605,2023-10-08 17:06:58.093924,JFK,SFO,False
39,2022-12-19 17:06:58.086612,2024-01-24 17:06:58.093930,SFO,LAX,False
40,2022-10-15 17:06:58.086620,2024-07-18 17:06:58.093937,ATL,ATL,False
41,2023-03-27 17:06:58.086628,2024-05-17 17:06:58.093943,LAX,DFW,False
42,2023-04-10 17:06:58.086636,2024-03-16 17:06:58.093950,ATL,DFW,False
43,2022-11-09 17:06:58.086644,2024-03-26 17:06:58.093956,SFO,LAX,False
44,2023-07-13 17:06:58.086652,2024-03-14 17:06:58.093963,DFW,LAX,False
45,2023-03-02 17:06:58.086660,2024-01-22 17:06:58.093969,DFW,JFK,True
46,2023-06-20 17:06:58.086667,2024-05-21 17:06:58.093976,LAX,JFK,True
47,2023-06-14 17:06:58.086675,2024-09-04 17:06:58.093982,DFW,DFW,True
48,2023-09-18 17:06:58.086683,2024-02-01 17:06:58.093989,LAX,DFW,True
49,2023-06-07 17:06:58.086690,2024-01-25 17:06:58.093995,DFW,JFK,True
50,2023-08-03 17:06:58.086698,2024-03-25 17:06:58.094001,SFO,SFO,False
51,2023-06-13 17:06:58.086706,2024-06-02 17:06:58.094008,JFK,SFO,False
52,2023-05-15 17:06:58.086713,2023-10-17 17:06:58.094014,SFO,DFW,True
53,2023-06-11 17:06:58.086721,2024-01-12 17:06:58.094021,DFW,SFO,False
54,2023-03-28 17:06:58.086729,2024-02-14 17:06:58.094027,DFW,DFW,True
55,2023-06-18 17:06:58.086737,2024-01-12 17:06:58.094034,DFW,JFK,False
56,2023-02-09 17:06:58.086745,2023-09-27 17:06:58.094040,ATL,JFK,True
57,2023-04-21 17:06:58.086752,2024-03-09 17:06:58.094047,SFO,LAX,True
58,2022-11-15 17:06:58.086760,2023-12-22 17:06:58.094053,ATL,LAX,False
59,2023-07-17 17:06:58.086768,2023-11-20 17:06:58.094059,SFO,LAX,True
60,2022-11-04 17:06:58.086776,2024-03-11 17:06:58.094066,JFK,SFO,False
61,2023-09-06 17:06:58.086784,2024-05-10 17:06:58.094072,ATL,JFK,True
62,2022-09-29 17:06:58.086791,2024-09-20 17:06:58.094079,SFO,DFW,False
63,2023-04-04 17:06:58.086799,2024-02-06 17:06:58.094085,DFW,LAX,True
64,2023-05-14 17:06:58.086807,2024-06-21 17:06:58.094092,DFW,JFK,True
65,2023-01-04 17:06:58.086814,2024-08-29 17:06:58.094098,SFO,LAX,False
66,2023-08-04 17:06:58.086827,2024-04-29 17:06:58.094106,JFK,LAX,False
67,2023-07-25 17:06:58.086834,2024-08-12 17:06:58.094113,LAX,JFK,True
68,2023-03-19 17:06:58.086842,2024-01-01 17:06:58.094120,DFW,JFK,True
69,2023-02-25 17:06:58.086850,2024-08-16 17:06:58.094126,DFW,DFW,False
70,2023-06-24 17:06:58.086857,2024-01-31 17:06:58.094133,ATL,SFO,False
71,2022-10-09 17:06:58.086865,2024-06-05 17:06:58.094139,DFW,LAX,True
72,2023-05-05 17:06:58.086873,2024-03-06 17:06:58.094146,SFO,DFW,False
73,2022-10-29 17:06:58.086881,2024-06-15 17:06:58.094152,JFK,JFK,False
74,2023-07-20 17:06:58.086888,2024-04-15 17:06:58.094159,ATL,JFK,True
75,2022-10-12 17:06:58.086896,2024-09-11 17:06:58.094165,SFO,ATL,True
76,2023-09-11 17:06:58.086904,2024-06-10 17:06:58.094172,DFW,JFK,False
77,2022-10-09 17:06:58.086911,2024-01-03 17:06:58.094178,SFO,JFK,True
78,2023-03-03 17:06:58.086921,2024-02-12 17:06:58.094185,JFK,JFK,True
79,2023-04-22 17:06:58.086929,2023-10-18 17:06:58.094192,DFW,LAX,True
80,2023-08-09 17:06:58.086937,2024-06-24 17:06:58.094198,LAX,ATL,True
81,2023-09-10 17:06:58.086944,2024-05-26 17:06:58.094205,DFW,JFK,False
82,2023-03-13 17:06:58.086962,2024-08-27 17:06:58.094212,SFO,ATL,True
83,2023-07-26 17:06:58.086971,2023-11-04 17:06:58.094218,DFW,JFK,True
84,2023-04-11 17:06:58.086978,2023-12-31 17:06:58.094251,DFW,SFO,True
85,2023-07-26 17:06:58.086986,2024-05-05 17:06:58.094257,ATL,DFW,True
86,2023-02-14 17:06:58.086994,2024-01-07 17:06:58.094264,LAX,SFO,True
87,2023-01-06 17:06:58.087002,2024-01-20 17:06:58.094270,LAX,DFW,False
88,2022-10-12 17:06:58.087010,2024-01-09 17:06:58.094276,JFK,ATL,False
89,2023-01-08 17:06:58.087018,2024-02-10 17:06:58.094283,ATL,LAX,False
90,2022-10-11 17:06:58.087026,2023-10-25 17:06:58.094289,JFK,JFK,False
91,2023-05-15 17:06:58.087034,2023-11-21 17:06:58.094296,SFO,JFK,False
92,2023-06-30 17:06:58.087041,2024-07-26 17:06:58.094302,DFW,JFK,False
93,2023-03-05 17:06:58.087049,2024-02-20 17:06:58.094309,JFK,SFO,False
94,2023-06-09 17:06:58.087058,2024-08-10 17:06:58.094315,DFW,DFW,True
95,2023-03-27 17:06:58.087065,2024-07-19 17:06:58.094322,LAX,LAX,True
96,2023-03-08 17:06:58.087073,2024-07-31 17:06:58.094328,SFO,ATL,False
97,2023-09-08 17:06:58.087081,2023-11-08 17:06:58.094335,JFK,SFO,False
98,2023-06-07 17:06:58.087088,2023-10-21 17:06:58.094342,LAX,LAX,False
99,2022-10-07 17:06:58.087096,2024-01-14 17:06:58.094348,JFK,DFW,False
100,2023-07-01 17:06:58.087104,2024-03-31 17:06:58.094354,SFO,DFW,False
101,2023-01-08 17:06:58.087112,2024-04-03 17:06:58.094361,SFO,LAX,True
102,2022-11-15 17:06:58.087120,2023-10-11 17:06:58.094370,DFW,DFW,True
103,2022-11-09 17:06:58.087128,2024-08-23 17:06:58.094377,JFK,JFK,False
104,2023-01-30 17:06:58.087136,2024-07-21 17:06:58.094384,SFO,JFK,False
105,2023-08-24 17:06:58.087143,2023-11-13 17:06:58.094390,DFW,ATL,True
106,2023-06-22 17:06:58.087151,2024-03-18 17:06:58.094397,SFO,SFO,False
107,2023-02-09 17:06:58.087159,2023-11-17 17:06:58.094403,SFO,LAX,True
108,2022-12-17 17:06:58.087167,2023-09-29 17:06:58.094410,LAX,DFW,True
109,2022-10-03 17:06:58.087175,2024-03-30 17:06:58.094416,SFO,SFO,True
110,2023-04-14 17:06:58.087185,2024-08-27 17:06:58.094425,SFO,JFK,False
111,2022-11-23 17:06:58.087193,2024-02-20 17:06:58.094432,LAX,DFW,False
112,2023-01-11 17:06:58.087201,2024-02-13 17:06:58.094438,DFW,LAX,True
113,2022-10-18 17:06:58.087209,2023-10-07 17:06:58.094445,JFK,JFK,False
114,2023-07-12 17:06:58.087217,2024-01-19 17:06:58.094451,DFW,JFK,True
115,2023-09-05 17:06:58.087225,2024-06-23 17:06:58.094458,JFK,JFK,True
116,2023-01-05 17:06:58.087233,2023-10-06 17:06:58.094464,DFW,SFO,False
117,2022-12-20 17:06:58.087241,2024-07-02 17:06:58.094471,SFO,ATL,False
118,2023-02-10 17:06:58.087248,2023-12-17 17:06:58.094477,LAX,LAX,False
119,2023-01-15 17:06:58.087256,2024-04-14 17:06:58.094484,LAX,SFO,True
120,2023-08-27 17:06:58.087264,2024-09-22 17:06:58.094490,LAX,JFK,True
121,2023-06-27 17:06:58.087272,2024-06-29 17:06:58.094497,JFK,SFO,False
122,2023-08-23 17:06:58.087280,2024-01-04 17:06:58.094503,ATL,DFW,True
123,2023-08-31 17:06:58.087288,2024-06-11 17:06:58.094510,DFW,JFK,True
124,2023-05-26 17:06:58.087295,2023-10-28 17:06:58.094516,SFO,DFW,True
125,2023-03-30 17:06:58.087303,2024-05-06 17:06:58.094523,JFK,LAX,True
126,2023-03-25 17:06:58.087311,2023-10-16 17:06:58.094529,DFW,JFK,True
127,2023-09-12 17:06:58.087319,2024-05-18 17:06:58.094536,JFK,SFO,True
128,2023-01-15 17:06:58.087326,2024-08-26 17:06:58.094542,DFW,JFK,True
129,2023-08-24 17:06:58.087334,2024-02-04 17:06:58.094549,LAX,JFK,True
130,2023-03-26 17:06:58.087344,2024-01-02 17:06:58.094556,SFO,DFW,True
131,2023-08-16 17:06:58.087351,2024-08-21 17:06:58.094563,LAX,ATL,True
132,2023-03-21 17:06:58.087359,2023-11-08 17:06:58.094569,SFO,SFO,True
133,2023-05-05 17:06:58.087367,2024-03-30 17:06:58.094576,JFK,LAX,True
134,2023-05-15 17:06:58.087374,2024-01-30 17:06:58.094582,JFK,DFW,False
135,2023-05-26 17:06:58.087382,2023-11-05 17:06:58.094589,ATL,DFW,False
136,2023-02-05 17:06:58.087390,2024-07-14 17:06:58.094595,DFW,JFK,False
137,2023-07-14 17:06:58.087398,2024-04-06 17:06:58.094602,ATL,SFO,True
138,2023-05-28 17:06:58.087406,2024-03-30 17:06:58.094608,ATL,DFW,False
139,2023-04-19 17:06:58.087413,2024-05-07 17:06:58.094615,ATL,ATL,True
140,2023-08-27 17:06:58.087421,2023-11-28 17:06:58.094621,DFW,JFK,True
141,2023-03-25 17:06:58.087429,2024-09-14 17:06:58.094627,ATL,DFW,True
142,2023-02-13 17:06:58.087437,2024-02-27 17:06:58.094634,JFK,LAX,True
143,2023-05-06 17:06:58.087444,2024-06-21 17:06:58.094640,SFO,JFK,False
144,2023-07-25 17:06:58.087452,2024-01-06 17:06:58.094647,SFO,ATL,True
145,2022-12-30 17:06:58.087460,2024-04-24 17:06:58.094653,SFO,DFW,True
146,2023-06-26 17:06:58.087468,2024-03-06 17:06:58.094660,JFK,LAX,True
147,2022-10-14 17:06:58.087475,2024-05-19 17:06:58.094666,LAX,SFO,False
148,2023-02-27 17:06:58.087483,2024-03-21 17:06:58.094673,ATL,SFO,False
149,2023-01-23 17:06:58.087491,2024-08-17 17:06:58.094679,ATL,ATL,True
150,2023-07-15 17:06:58.087499,2023-12-14 17:06:58.094686,DFW,DFW,False
151,2022-11-26 17:06:58.087507,2024-08-21 17:06:58.094692,DFW,JFK,True
152,2023-09-21 17:06:58.087515,2024-02-02 17:06:58.094699,ATL,LAX,True
153,2023-03-26 17:06:58.087522,2024-07-06 17:06:58.094705,DFW,JFK,False
154,2023-01-26 17:06:58.087530,2024-04-22 17:06:58.094712,SFO,SFO,False
155,2023-04-12 17:06:58.087538,2024-08-18 17:06:58.094718,ATL,LAX,False
156,2023-01-18 17:06:58.087546,2024-06-07 17:06:58.094725,SFO,LAX,True
157,2022-12-29 17:06:58.087553,2024-07-18 17:06:58.094731,ATL,LAX,True
158,2023-02-11 17:06:58.087561,2024-07-22 17:06:58.094738,JFK,DFW,False
159,2023-04-11 17:06:58.087569,2024-02-06 17:06:58.094744,DFW,ATL,False
160,2022-11-28 17:06:58.087577,2024-04-07 17:06:58.094751,SFO,ATL,True
161,2022-12-12 17:06:58.087585,2023-12-29 17:06:58.094757,LAX,JFK,False
162,2023-05-10 17:06:58.087593,2023-10-27 17:06:58.094764,DFW,LAX,False
163,2022-10-25 17:06:58.087601,2024-05-17 17:06:58.094770,JFK,ATL,True
164,2022-12-28 17:06:58.087609,2023-12-14 17:06:58.094776,ATL,LAX,False
165,2023-01-03 17:06:58.087617,2024-03-20 17:06:58.094783,JFK,ATL,False
166,2023-08-11 17:06:58.087624,2024-01-05 17:06:58.094789,ATL,LAX,False
167,2022-09-28 17:06:58.087636,2023-10-13 17:06:58.094796,JFK,LAX,False
168,2023-09-10 17:06:58.087644,2024-07-28 17:06:58.094802,JFK,LAX,True
169,2022-10-08 17:06:58.087652,2024-04-18 17:06:58.094809,JFK,JFK,False
170,2022-12-02 17:06:58.087660,2023-09-27 17:06:58.094815,DFW,LAX,False
171,2023-02-20 17:06:58.087668,2024-04-04 17:06:58.094821,DFW,DFW,True
172,2023-09-03 17:06:58.087675,2024-04-22 17:06:58.094828,SFO,JFK,True
173,2023-06-17 17:06:58.087683,2024-05-21 17:06:58.094834,SFO,LAX,True
174,2023-09-19 17:06:58.087692,2024-07-05 17:06:58.094842,JFK,SFO,True
175,2023-04-20 17:06:58.087700,2023-12-06 17:06:58.094848,ATL,JFK,False
176,2023-08-15 17:06:58.087708,2024-05-31 17:06:58.094855,ATL,DFW,True
177,2023-09-22 17:06:58.087716,2024-06-07 17:06:58.094861,JFK,SFO,True
178,2022-12-26 17:06:58.087723,2024-07-28 17:06:58.094868,ATL,SFO,True
179,2023-05-18 17:06:58.087731,2023-10-18 17:06:58.094874,DFW,ATL,True
180,2022-11-23 17:06:58.087739,2024-04-14 17:06:58.094881,SFO,LAX,True
181,2022-12-03 17:06:58.087747,2023-12-24 17:06:58.094887,DFW,ATL,True
182,2023-01-09 17:06:58.087755,2023-11-13 17:06:58.094893,DFW,SFO,False
183,2023-09-11 17:06:58.087763,2024-04-09 17:06:58.094900,LAX,ATL,True
184,2023-09-24 17:06:58.087770,2024-03-17 17:06:58.094906,JFK,ATL,False
185,2023-06-17 17:06:58.087778,2023-11-01 17:06:58.094913,SFO,LAX,False
186,2023-06-16 17:06:58.087786,2023-12-07 17:06:58.094919,ATL,JFK,True
187,2023-03-13 17:06:58.087794,2024-05-09 17:06:58.094929,DFW,SFO,True
188,2023-07-18 17:06:58.087801,2024-04-23 17:06:58.094935,SFO,LAX,True
189,2023-09-24 17:06:58.087809,2024-08-29 17:06:58.094942,DFW,DFW,False
190,2023-01-27 17:06:58.087817,2024-03-15 17:06:58.094949,ATL,JFK,True
191,2023-06-24 17:06:58.087824,2023-12-02 17:06:58.094955,JFK,DFW,True
192,2023-09-01 17:06:58.087832,2023-11-30 17:06:58.094962,JFK,JFK,False
193,2023-09-06 17:06:58.087840,2024-02-05 17:06:58.094968,DFW,ATL,True
194,2023-08-09 17:06:58.087848,2023-10-14 17:06:58.094974,LAX,JFK,False
195,2023-04-19 17:06:58.087855,2024-04-06 17:06:58.094981,DFW,JFK,True
196,2023-07-23 17:06:58.087863,2024-05-10 17:06:58.094987,LAX,LAX,True
197,2023-07-18 17:06:58.087871,2024-03-14 17:06:58.094994,ATL,DFW,False
198,2023-07-30 17:06:58.087879,2024-06-29 17:06:58.095000,LAX,LAX,False
199,2022-11-22 17:06:58.087886,2024-02-23 17:06:58.095007,JFK,ATL,False
200,2023-05-10 17:06:58.087894,2024-07-11 17:06:58.095013,SFO,JFK,True
201,2022-12-30 17:06:58.087902,2024-06-06 17:06:58.095020,ATL,SFO,False
202,2022-10-30 17:06:58.087910,2024-03-19 17:06:58.095027,DFW,JFK,False
203,2023-06-12 17:06:58.087918,2023-10-07 17:06:58.095033,DFW,DFW,True
204,2022-12-01 17:06:58.087926,2024-09-08 17:06:58.095040,ATL,DFW,True
205,2023-03-05 17:06:58.087934,2024-02-16 17:06:58.095046,DFW,SFO,False
206,2023-08-09 17:06:58.087942,2023-11-18 17:06:58.095053,JFK,LAX,False
207,2023-06-18 17:06:58.087949,2024-09-20 17:06:58.095059,ATL,DFW,True
208,2023-02-14 17:06:58.087957,2023-10-23 17:06:58.095066,LAX,JFK,True
209,2022-10-28 17:06:58.087965,2024-03-01 17:06:58.095073,LAX,ATL,False
210,2023-06-21 17:06:58.087973,2024-06-14 17:06:58.095079,DFW,LAX,False
211,2023-06-08 17:06:58.087980,2024-08-26 17:06:58.095086,LAX,JFK,True
212,2023-06-20 17:06:58.087988,2024-06-23 17:06:58.095092,DFW,SFO,False
213,2023-06-10 17:06:58.087996,2024-08-01 17:06:58.095099,JFK,DFW,True
214,2023-09-04 17:06:58.088003,2023-11-01 17:06:58.095106,ATL,LAX,False
215,2023-04-18 17:06:58.088011,2024-04-23 17:06:58.095112,DFW,DFW,False
216,2023-09-05 17:06:58.088019,2024-02-22 17:06:58.095119,SFO,JFK,False
217,2022-09-28 17:06:58.088027,2024-09-05 17:06:58.095125,DFW,DFW,True
218,2023-05-04 17:06:58.088035,2024-06-17 17:06:58.095132,ATL,ATL,False
219,2023-03-30 17:06:58.088043,2024-04-25 17:06:58.095138,LAX,JFK,False
220,2022-12-22 17:06:58.088050,2023-10-03 17:06:58.095145,LAX,LAX,True
221,2022-10-26 17:06:58.088058,2024-06-23 17:06:58.095151,SFO,ATL,True
222,2023-04-28 17:06:58.088066,2024-06-21 17:06:58.095158,ATL,LAX,False
223,2022-12-27 17:06:58.088074,2023-12-20 17:06:58.095165,LAX,LAX,False
224,2023-05-03 17:06:58.088082,2024-05-23 17:06:58.095171,LAX,ATL,False
225,2023-01-01 17:06:58.088090,2024-05-26 17:06:58.095178,DFW,LAX,True
226,2023-06-21 17:06:58.088098,2023-10-28 17:06:58.095184,ATL,DFW,False
227,2023-03-03 17:06:58.088105,2024-06-23 17:06:58.095213,LAX,ATL,True
228,2023-04-09 17:06:58.088121,2024-09-17 17:06:58.095220,SFO,SFO,False
229,2022-10-21 17:06:58.088129,2024-01-13 17:06:58.095229,SFO,ATL,True
230,2022-11-25 17:06:58.088136,2024-09-23 17:06:58.095239,ATL,SFO,False
231,2023-09-16 17:06:58.088144,2023-10-11 17:06:58.095250,LAX,SFO,False
232,2022-11-05 17:06:58.088152,2023-11-05 17:06:58.095257,JFK,JFK,False
233,2023-03-02 17:06:58.088160,2024-01-20 17:06:58.095264,LAX,ATL,True
234,2023-07-09 17:06:58.088168,2024-01-09 17:06:58.095271,LAX,SFO,False
235,2022-10-23 17:06:58.088176,2024-05-19 17:06:58.095278,JFK,SFO,False
236,2023-06-19 17:06:58.088184,2023-11-07 17:06:58.095285,LAX,JFK,False
237,2023-04-11 17:06:58.088192,2024-02-13 17:06:58.095291,ATL,JFK,True
238,2023-08-18 17:06:58.088200,2024-03-04 17:06:58.095297,SFO,LAX,False
239,2023-05-06 17:06:58.088207,2024-02-25 17:06:58.095304,LAX,JFK,True
240,2023-03-05 17:06:58.088215,2024-03-21 17:06:58.095310,ATL,SFO,True
241,2023-04-30 17:06:58.088223,2024-07-04 17:06:58.095317,LAX,JFK,True
242,2023-01-28 17:06:58.088231,2024-01-26 17:06:58.095324,ATL,SFO,False
243,2023-02-15 17:06:58.088239,2024-04-15 17:06:58.095330,ATL,LAX,False
244,2023-08-02 17:06:58.088246,2023-10-05 17:06:58.095337,ATL,LAX,False
245,2023-05-26 17:06:58.088254,2024-03-30 17:06:58.095343,DFW,SFO,True
246,2023-03-07 17:06:58.088262,2024-09-16 17:06:58.095350,JFK,ATL,True
247,2023-07-27 17:06:58.088269,2024-04-26 17:06:58.095356,LAX,LAX,False
248,2023-01-29 17:06:58.088277,2023-10-26 17:06:58.095363,ATL,DFW,True
249,2022-11-13 17:06:58.088285,2024-01-11 17:06:58.095369,DFW,ATL,True
250,2023-06-08 17:06:58.088293,2024-08-25 17:06:58.095376,DFW,ATL,True
251,2023-03-12 17:06:58.088301,2024-04-05 17:06:58.095382,ATL,LAX,False
252,2023-07-26 17:06:58.088309,2024-03-17 17:06:58.095389,LAX,JFK,False
253,2023-02-16 17:06:58.088328,2024-09-19 17:06:58.095395,SFO,JFK,False
254,2023-02-11 17:06:58.088336,2024-07-21 17:06:58.095402,SFO,JFK,True
255,2023-02-05 17:06:58.088344,2023-12-06 17:06:58.095408,LAX,DFW,False
256,2023-07-18 17:06:58.088352,2024-07-07 17:06:58.095415,LAX,DFW,True
257,2022-10-09 17:06:58.088359,2024-03-05 17:06:58.095421,JFK,ATL,False
258,2023-05-12 17:06:58.088367,2023-12-06 17:06:58.095427,ATL,ATL,True
259,2023-02-17 17:06:58.088375,2024-08-10 17:06:58.095434,SFO,ATL,True
260,2023-06-02 17:06:58.088383,2024-08-22 17:06:58.095441,JFK,JFK,True
261,2023-07-30 17:06:58.088390,2024-06-20 17:06:58.095447,DFW,JFK,True
262,2022-12-19 17:06:58.088398,2024-09-15 17:06:58.095454,LAX,DFW,True
263,2023-08-05 17:06:58.088406,2024-07-19 17:06:58.095460,SFO,SFO,False
264,2022-11-25 17:06:58.088414,2024-03-24 17:06:58.095467,LAX,LAX,False
265,2023-09-15 17:06:58.088422,2023-11-14 17:06:58.095473,JFK,JFK,False
266,2023-02-04 17:06:58.088430,2023-09-28 17:06:58.095480,SFO,LAX,True
267,2022-11-07 17:06:58.088437,2024-07-17 17:06:58.095486,DFW,JFK,True
268,2022-10-18 17:06:58.088445,2023-12-26 17:06:58.095493,JFK,ATL,False
269,2023-07-23 17:06:58.088453,2023-10-06 17:06:58.095500,LAX,DFW,True
270,2023-02-26 17:06:58.088461,2024-04-03 17:06:58.095506,JFK,LAX,True
271,2023-05-19 17:06:58.088469,2024-05-01 17:06:58.095513,ATL,JFK,True
272,2023-02-03 17:06:58.088491,2024-02-04 17:06:58.095519,JFK,JFK,True
273,2022-11-20 17:06:58.088500,2023-12-24 17:06:58.095529,DFW,SFO,True
274,2023-05-04 17:06:58.088508,2024-03-14 17:06:58.095536,DFW,DFW,False
275,2022-12-29 17:06:58.088515,2024-03-23 17:06:58.095542,ATL,JFK,False
276,2023-04-21 17:06:58.088523,2024-02-29 17:06:58.095549,DFW,ATL,True
277,2023-05-03 17:06:58.088531,2024-06-15 17:06:58.095555,ATL,ATL,True
278,2023-03-11 17:06:58.088538,2023-10-10 17:06:58.095562,JFK,ATL,False
279,2023-02-25 17:06:58.088546,2024-01-30 17:06:58.095568,JFK,DFW,True
280,2022-11-18 17:06:58.088554,2024-05-31 17:06:58.095575,ATL,SFO,True
281,2023-05-06 17:06:58.088562,2023-10-13 17:06:58.095581,LAX,LAX,False
282,2023-04-15 17:06:58.088570,2023-10-10 17:06:58.095588,LAX,LAX,True
283,2022-12-05 17:06:58.088577,2023-12-31 17:06:58.095594,SFO,ATL,True
284,2022-12-13 17:06:58.088585,2024-04-22 17:06:58.095601,JFK,SFO,True
285,2022-11-08 17:06:58.088593,2024-02-28 17:06:58.095607,ATL,DFW,False
286,2023-02-24 17:06:58.088601,2024-03-10 17:06:58.095614,LAX,ATL,False
287,2023-01-15 17:06:58.088609,2024-02-17 17:06:58.095620,ATL,ATL,False
288,2023-07-05 17:06:58.088617,2023-12-08 17:06:58.095627,JFK,LAX,False
289,2023-09-07 17:06:58.088624,2023-11-07 17:06:58.095634,LAX,ATL,False
290,2023-08-25 17:06:58.088632,2024-07-02 17:06:58.095640,LAX,DFW,False
291,2023-03-05 17:06:58.088640,2024-05-02 17:06:58.095647,ATL,JFK,False
292,2023-08-23 17:06:58.088648,2023-11-01 17:06:58.095657,JFK,SFO,False
293,2022-12-25 17:06:58.088655,2024-06-02 17:06:58.095663,DFW,SFO,False
294,2022-10-10 17:06:58.088663,2023-12-28 17:06:58.095670,LAX,SFO,False
295,2023-06-07 17:06:58.088671,2024-05-05 17:06:58.095702,ATL,DFW,False
296,2023-08-03 17:06:58.088679,2024-09-04 17:06:58.095708,JFK,DFW,False
297,2022-10-02 17:06:58.088687,2024-03-14 17:06:58.095714,DFW,ATL,True
298,2022-11-24 17:06:58.088695,2024-04-04 17:06:58.095719,SFO,ATL,False
299,2023-01-10 17:06:58.088703,2024-08-22 17:06:58.095725,DFW,ATL,False
300,2023-07-12 17:06:58.088710,2024-03-22 17:06:58.095730,JFK,LAX,True
301,2023-03-05 17:06:58.088718,2024-07-07 17:06:58.095736,SFO,SFO,True
302,2023-01-17 17:06:58.088726,2024-06-09 17:06:58.095742,DFW,JFK,False
303,2023-04-06 17:06:58.088734,2024-06-26 17:06:58.095747,ATL,LAX,True
304,2022-12-24 17:06:58.088741,2024-04-07 17:06:58.095753,ATL,LAX,False
305,2023-09-09 17:06:58.088749,2023-12-04 17:06:58.095759,SFO,SFO,True
306,2023-02-01 17:06:58.088757,2024-01-09 17:06:58.095764,LAX,SFO,False
307,2023-09-11 17:06:58.088765,2024-04-26 17:06:58.095770,DFW,JFK,True
308,2022-10-04 17:06:58.088772,2023-11-29 17:06:58.095775,SFO,JFK,True
309,2023-03-11 17:06:58.088780,2024-01-26 17:06:58.095781,ATL,LAX,False
310,2023-04-07 17:06:58.088789,2024-05-10 17:06:58.095787,LAX,DFW,False
311,2023-02-24 17:06:58.088796,2024-09-09 17:06:58.095793,ATL,LAX,False
312,2023-08-11 17:06:58.088804,2024-05-07 17:06:58.095798,LAX,ATL,False
313,2023-05-26 17:06:58.088812,2024-08-29 17:06:58.095804,SFO,JFK,False
314,2023-08-08 17:06:58.088820,2024-08-16 17:06:58.095810,LAX,ATL,False
315,2022-11-02 17:06:58.088828,2024-09-17 17:06:58.095815,ATL,LAX,True
316,2023-05-02 17:06:58.088835,2023-12-04 17:06:58.095821,DFW,LAX,False
317,2022-10-30 17:06:58.088843,2023-11-11 17:06:58.095827,ATL,ATL,False
318,2023-01-28 17:06:58.088851,2024-02-05 17:06:58.095832,LAX,LAX,True
319,2022-12-09 17:06:58.088859,2024-08-31 17:06:58.095838,DFW,DFW,True
320,2023-07-22 17:06:58.088867,2024-05-02 17:06:58.095843,DFW,ATL,False
321,2022-10-29 17:06:58.088875,2024-01-25 17:06:58.095849,DFW,JFK,True
322,2023-02-19 17:06:58.088883,2024-05-30 17:06:58.095854,DFW,JFK,True
323,2023-08-10 17:06:58.088890,2024-02-15 17:06:58.095860,SFO,SFO,True
324,2023-07-08 17:06:58.088898,2024-05-02 17:06:58.095865,LAX,LAX,True
325,2022-11-27 17:06:58.088906,2024-06-07 17:06:58.095871,SFO,SFO,True
326,2023-04-29 17:06:58.088914,2024-02-11 17:06:58.095876,LAX,JFK,False
327,2023-05-04 17:06:58.088922,2024-04-04 17:06:58.095882,ATL,ATL,True
328,2023-08-02 17:06:58.088929,2024-05-05 17:06:58.095887,SFO,DFW,False
329,2023-07-10 17:06:58.088937,2024-09-14 17:06:58.095893,DFW,SFO,False
330,2023-01-30 17:06:58.088945,2023-11-30 17:06:58.095898,JFK,JFK,True
331,2022-12-07 17:06:58.088953,2024-03-28 17:06:58.095904,DFW,JFK,True
332,2023-04-20 17:06:58.088960,2024-01-17 17:06:58.095909,LAX,SFO,True
333,2023-03-17 17:06:58.088968,2024-07-04 17:06:58.095915,ATL,DFW,False
334,2023-05-03 17:06:58.088976,2024-06-05 17:06:58.095921,DFW,ATL,True
335,2023-02-05 17:06:58.088984,2023-11-15 17:06:58.095926,DFW,ATL,False
336,2022-12-25 17:06:58.088991,2023-11-24 17:06:58.095932,ATL,ATL,False
337,2023-07-20 17:06:58.089004,2023-10-06 17:06:58.095937,LAX,SFO,False
338,2022-12-06 17:06:58.089012,2024-05-30 17:06:58.095943,LAX,ATL,False
339,2023-08-21 17:06:58.089020,2024-03-31 17:06:58.095949,DFW,SFO,True
340,2023-05-23 17:06:58.089027,2023-10-30 17:06:58.095954,LAX,JFK,True
341,2022-12-24 17:06:58.089035,2024-03-01 17:06:58.095960,DFW,SFO,False
342,2023-07-25 17:06:58.089043,2023-12-06 17:06:58.095966,LAX,LAX,False
343,2022-11-26 17:06:58.089051,2024-06-25 17:06:58.095971,SFO,DFW,False
344,2023-06-03 17:06:58.089059,2024-06-05 17:06:58.095977,DFW,ATL,False
345,2022-12-29 17:06:58.089067,2024-09-06 17:06:58.095983,DFW,DFW,False
346,2023-06-27 17:06:58.089075,2024-04-19 17:06:58.095988,JFK,JFK,False
347,2023-07-21 17:06:58.089083,2023-12-07 17:06:58.095994,JFK,SFO,True
348,2022-12-26 17:06:58.089090,2024-04-23 17:06:58.096000,LAX,JFK,False
349,2023-08-15 17:06:58.089098,2024-08-18 17:06:58.096005,LAX,DFW,False
350,2022-11-10 17:06:58.089106,2024-08-11 17:06:58.096011,ATL,ATL,False
351,2023-07-31 17:06:58.089114,2023-11-09 17:06:58.096017,ATL,LAX,True
352,2022-11-07 17:06:58.089121,2024-01-27 17:06:58.096022,ATL,SFO,True
353,2023-03-19 17:06:58.089129,2024-03-16 17:06:58.096031,DFW,LAX,False
354,2023-04-18 17:06:58.089137,2024-06-22 17:06:58.096040,LAX,SFO,False
355,2022-12-16 17:06:58.089145,2023-11-12 17:06:58.096049,JFK,ATL,True
356,2023-06-10 17:06:58.089153,2024-08-23 17:06:58.096056,LAX,ATL,False
357,2023-01-15 17:06:58.089161,2023-10-10 17:06:58.096065,ATL,SFO,False
358,2023-08-29 17:06:58.089169,2023-12-25 17:06:58.096070,LAX,DFW,False
359,2023-09-05 17:06:58.089177,2024-08-12 17:06:58.096076,LAX,JFK,False
360,2023-05-06 17:06:58.089184,2024-08-10 17:06:58.096082,LAX,ATL,True
361,2023-07-22 17:06:58.089192,2024-01-04 17:06:58.096088,LAX,JFK,False
362,2023-04-17 17:06:58.089200,2024-01-24 17:06:58.096093,SFO,DFW,True
363,2023-08-13 17:06:58.089207,2024-06-04 17:06:58.096101,LAX,DFW,False
364,2023-07-10 17:06:58.089215,2024-05-12 17:06:58.096143,DFW,JFK,False
365,2023-01-02 17:06:58.089223,2023-11-23 17:06:58.096175,JFK,JFK,True
366,2023-08-10 17:06:58.089231,2024-03-25 17:06:58.096182,JFK,DFW,True
367,2023-01-30 17:06:58.089239,2024-05-23 17:06:58.096188,SFO,SFO,False
368,2023-05-10 17:06:58.089269,2024-07-25 17:06:58.096194,DFW,LAX,True
369,2023-03-25 17:06:58.089285,2024-02-21 17:06:58.096200,LAX,DFW,False
370,2023-02-27 17:06:58.089293,2024-09-14 17:06:58.096206,DFW,SFO,True
371,2023-03-23 17:06:58.089301,2024-07-17 17:06:58.096212,LAX,DFW,False
372,2023-02-17 17:06:58.089308,2024-07-25 17:06:58.096218,LAX,LAX,True
373,2023-07-05 17:06:58.089316,2024-05-11 17:06:58.096223,JFK,ATL,True
374,2023-09-23 17:06:58.089324,2024-03-07 17:06:58.096229,SFO,ATL,False
375,2022-12-16 17:06:58.089332,2024-01-18 17:06:58.096235,ATL,DFW,False
376,2022-12-21 17:06:58.089340,2024-07-24 17:06:58.096241,JFK,ATL,False
377,2023-05-29 17:06:58.089348,2023-11-13 17:06:58.096251,DFW,DFW,True
378,2023-08-26 17:06:58.089356,2024-04-06 17:06:58.096258,LAX,DFW,True
379,2023-05-23 17:06:58.089363,2024-06-22 17:06:58.096264,LAX,SFO,False
380,2022-10-17 17:06:58.089371,2024-01-29 17:06:58.096269,JFK,DFW,False
381,2023-02-12 17:06:58.089379,2024-05-20 17:06:58.096275,DFW,DFW,True
382,2023-07-11 17:06:58.089387,2024-05-14 17:06:58.096281,ATL,DFW,True
383,2023-03-30 17:06:58.089395,2023-10-18 17:06:58.096287,LAX,SFO,False
384,2023-07-21 17:06:58.089403,2023-11-23 17:06:58.096292,JFK,LAX,False
385,2022-12-30 17:06:58.089410,2024-03-08 17:06:58.096301,JFK,LAX,True
386,2023-04-10 17:06:58.089418,2024-04-17 17:06:58.096307,ATL,SFO,False
387,2023-05-27 17:06:58.089426,2024-06-08 17:06:58.096313,DFW,JFK,True
388,2023-07-21 17:06:58.089434,2024-05-14 17:06:58.096319,LAX,LAX,True
389,2023-05-10 17:06:58.089442,2024-07-03 17:06:58.096325,SFO,LAX,False
390,2022-10-10 17:06:58.089449,2024-03-04 17:06:58.096330,SFO,SFO,True
391,2023-03-30 17:06:58.089457,2023-11-25 17:06:58.096336,DFW,LAX,True
392,2023-04-06 17:06:58.089465,2023-10-20 17:06:58.096342,ATL,LAX,False
393,2023-03-23 17:06:58.089473,2024-08-19 17:06:58.096347,SFO,LAX,False
394,2023-06-25 17:06:58.089481,2024-03-26 17:06:58.096354,LAX,DFW,False
395,2022-10-09 17:06:58.089488,2024-05-04 17:06:58.096359,LAX,DFW,True
396,2022-09-29 17:06:58.089497,2024-01-12 17:06:58.096365,ATL,JFK,False
397,2023-07-03 17:06:58.089505,2024-02-13 17:06:58.096371,JFK,SFO,False
398,2022-12-20 17:06:58.089512,2023-12-31 17:06:58.096376,JFK,LAX,True
399,2023-06-23 17:06:58.089520,2023-11-17 17:06:58.096382,JFK,LAX,True
400,2023-07-12 17:06:58.089528,2024-04-27 17:06:58.096388,DFW,SFO,True
401,2023-06-24 17:06:58.089540,2023-12-18 17:06:58.096393,ATL,ATL,False
402,2022-12-17 17:06:58.089597,2024-06-19 17:06:58.096409,JFK,LAX,True
403,2023-03-10 17:06:58.089645,2024-09-06 17:06:58.096415,DFW,LAX,False
404,2023-02-02 17:06:58.089663,2023-12-06 17:06:58.096421,JFK,ATL,True
405,2022-11-16 17:06:58.089671,2024-09-04 17:06:58.096427,LAX,DFW,True
406,2022-12-09 17:06:58.089680,2024-04-08 17:06:58.096433,ATL,SFO,True
407,2023-01-25 17:06:58.089717,2024-08-19 17:06:58.096438,SFO,SFO,True
408,2023-04-02 17:06:58.089724,2023-10-18 17:06:58.096444,DFW,ATL,True
409,2023-07-17 17:06:58.089730,2024-04-27 17:06:58.096450,JFK,LAX,True
410,2022-10-01 17:06:58.089737,2024-09-11 17:06:58.096456,LAX,JFK,True
411,2022-11-10 17:06:58.089743,2024-08-25 17:06:58.096461,JFK,DFW,False
412,2022-10-07 17:06:58.089750,2024-01-28 17:06:58.096467,LAX,JFK,True
413,2023-03-01 17:06:58.089756,2024-07-11 17:06:58.096473,SFO,JFK,False
414,2023-03-14 17:06:58.089763,2023-11-02 17:06:58.096479,SFO,LAX,True
415,2023-08-16 17:06:58.089769,2024-01-30 17:06:58.096484,JFK,ATL,True
416,2023-08-11 17:06:58.089776,2024-06-14 17:06:58.096490,DFW,JFK,True
417,2023-04-05 17:06:58.089782,2024-03-25 17:06:58.096496,DFW,LAX,False
418,2023-03-14 17:06:58.089789,2023-11-09 17:06:58.096502,SFO,LAX,True
419,2022-10-24 17:06:58.089795,2024-05-25 17:06:58.096507,SFO,JFK,False
420,2023-02-06 17:06:58.089802,2024-02-01 17:06:58.096513,DFW,DFW,True
421,2023-07-17 17:06:58.089808,2024-06-25 17:06:58.096519,SFO,ATL,True
422,2022-09-29 17:06:58.089823,2024-02-21 17:06:58.096524,ATL,SFO,False
423,2023-03-06 17:06:58.089830,2024-09-06 17:06:58.096530,DFW,LAX,True
424,2023-04-27 17:06:58.089836,2023-12-23 17:06:58.096536,ATL,DFW,False
425,2023-01-07 17:06:58.089843,2024-07-09 17:06:58.096541,SFO,ATL,False
426,2022-09-30 17:06:58.089849,2023-11-21 17:06:58.096547,JFK,JFK,True
427,2022-12-08 17:06:58.089856,2024-05-01 17:06:58.096553,DFW,DFW,True
428,2023-09-09 17:06:58.089862,2024-08-18 17:06:58.096558,SFO,DFW,True
429,2023-09-15 17:06:58.089869,2024-08-04 17:06:58.096564,ATL,LAX,False
430,2023-07-09 17:06:58.089875,2023-10-02 17:06:58.096570,LAX,ATL,False
431,2023-03-08 17:06:58.089881,2024-02-04 17:06:58.096576,SFO,JFK,False
432,2023-08-11 17:06:58.089888,2024-09-02 17:06:58.096581,DFW,DFW,False
433,2023-01-13 17:06:58.089894,2024-03-28 17:06:58.096587,DFW,ATL,True
434,2022-11-09 17:06:58.089901,2023-12-08 17:06:58.096598,JFK,LAX,False
435,2023-02-24 17:06:58.089907,2023-10-22 17:06:58.096604,JFK,ATL,False
436,2023-05-01 17:06:58.089914,2024-08-10 17:06:58.096610,SFO,DFW,False
437,2022-09-26 17:06:58.089920,2024-06-07 17:06:58.096616,JFK,DFW,True
438,2023-04-19 17:06:58.089927,2023-11-13 17:06:58.096621,SFO,DFW,True
439,2023-05-09 17:06:58.089933,2024-01-03 17:06:58.096627,DFW,JFK,True
440,2022-11-19 17:06:58.089940,2024-04-29 17:06:58.096633,ATL,DFW,False
441,2023-01-01 17:06:58.089947,2024-07-05 17:06:58.096639,JFK,JFK,False
442,2023-08-25 17:06:58.089953,2023-10-11 17:06:58.096648,SFO,DFW,False
443,2022-10-01 17:06:58.089960,2024-04-27 17:06:58.096654,LAX,ATL,False
444,2023-04-29 17:06:58.089966,2024-07-19 17:06:58.096660,DFW,LAX,False
445,2023-05-01 17:06:58.089973,2024-07-29 17:06:58.096666,JFK,SFO,True
446,2023-06-13 17:06:58.089979,2024-08-20 17:06:58.096672,DFW,LAX,True
447,2022-11-20 17:06:58.089986,2024-05-07 17:06:58.096677,DFW,JFK,True
448,2023-08-27 17:06:58.089992,2024-08-25 17:06:58.096683,LAX,JFK,False
449,2023-03-01 17:06:58.089999,2023-12-07 17:06:58.096689,ATL,JFK,True
450,2023-05-16 17:06:58.090005,2023-12-17 17:06:58.096697,DFW,JFK,False
451,2023-03-10 17:06:58.090012,2024-02-27 17:06:58.096703,DFW,SFO,True
452,2023-07-26 17:06:58.090018,2024-02-26 17:06:58.096709,ATL,LAX,True
453,2023-04-07 17:06:58.090025,2024-02-29 17:06:58.096714,DFW,ATL,False
454,2023-03-18 17:06:58.090032,2024-08-13 17:06:58.096720,DFW,JFK,True
455,2023-01-09 17:06:58.090038,2024-05-18 17:06:58.096731,LAX,ATL,True
456,2023-07-17 17:06:58.090045,2024-01-01 17:06:58.096737,ATL,ATL,True
457,2023-07-05 17:06:58.090051,2024-02-14 17:06:58.096743,JFK,DFW,True
458,2022-12-21 17:06:58.090059,2023-12-23 17:06:58.096749,LAX,ATL,True
459,2023-04-08 17:06:58.090066,2024-06-19 17:06:58.096754,LAX,ATL,True
460,2023-02-20 17:06:58.090072,2024-04-06 17:06:58.096760,LAX,SFO,False
461,2022-10-19 17:06:58.090079,2024-04-16 17:06:58.096766,DFW,ATL,True
462,2023-08-01 17:06:58.090085,2024-08-18 17:06:58.096772,LAX,JFK,False
463,2022-12-03 17:06:58.090092,2023-10-26 17:06:58.096778,DFW,LAX,False
464,2023-08-09 17:06:58.090098,2023-10-25 17:06:58.096783,LAX,SFO,False
465,2023-08-28 17:06:58.090105,2023-12-01 17:06:58.096790,JFK,SFO,True
466,2023-03-01 17:06:58.090111,2024-05-21 17:06:58.096796,JFK,LAX,True
467,2022-12-19 17:06:58.090117,2024-07-25 17:06:58.096801,SFO,ATL,False
468,2022-11-14 17:06:58.090124,2024-04-14 17:06:58.096808,ATL,DFW,True
469,2022-11-20 17:06:58.090131,2024-09-07 17:06:58.096814,SFO,SFO,True
470,2023-05-14 17:06:58.090137,2024-05-23 17:06:58.096819,DFW,SFO,False
471,2022-11-01 17:06:58.090144,2024-07-26 17:06:58.096825,ATL,JFK,False
472,2023-07-18 17:06:58.090150,2024-06-01 17:06:58.096831,DFW,DFW,True
473,2023-03-01 17:06:58.090157,2023-12-14 17:06:58.096837,ATL,DFW,False
474,2023-01-10 17:06:58.090163,2023-12-21 17:06:58.096843,DFW,DFW,False
475,2023-03-30 17:06:58.090170,2024-07-06 17:06:58.096848,ATL,JFK,False
476,2023-06-20 17:06:58.090176,2024-03-21 17:06:58.096854,ATL,DFW,True
477,2023-04-23 17:06:58.090183,2023-11-29 17:06:58.096860,SFO,JFK,False
478,2023-06-08 17:06:58.090189,2024-08-18 17:06:58.096866,DFW,LAX,True
479,2023-08-23 17:06:58.090195,2024-04-12 17:06:58.096872,JFK,SFO,False
480,2023-07-02 17:06:58.090202,2023-11-23 17:06:58.096878,ATL,SFO,True
481,2023-03-05 17:06:58.090208,2023-11-24 17:06:58.096884,JFK,DFW,True
482,2022-11-10 17:06:58.090215,2024-09-21 17:06:58.096890,LAX,JFK,False
483,2023-09-01 17:06:58.090221,2023-12-22 17:06:58.096897,DFW,DFW,True
484,2023-05-17 17:06:58.090228,2024-04-22 17:06:58.096903,SFO,LAX,True
485,2023-07-11 17:06:58.090234,2024-09-17 17:06:58.096908,DFW,DFW,True
486,2022-12-15 17:06:58.090241,2023-10-24 17:06:58.096914,LAX,LAX,True
487,2023-08-01 17:06:58.090247,2024-04-11 17:06:58.096920,LAX,JFK,True
488,2023-09-22 17:06:58.090254,2024-02-03 17:06:58.096926,SFO,ATL,True
489,2022-12-29 17:06:58.090260,2024-08-14 17:06:58.096932,JFK,LAX,True
490,2023-02-22 17:06:58.090267,2024-06-15 17:06:58.096938,JFK,ATL,True
491,2023-05-17 17:06:58.090273,2024-05-30 17:06:58.096944,SFO,SFO,True
492,2023-03-12 17:06:58.090280,2024-04-30 17:06:58.096950,DFW,SFO,False
493,2023-08-16 17:06:58.090286,2024-09-07 17:06:58.096956,JFK,ATL,False
494,2023-03-15 17:06:58.090292,2023-12-24 17:06:58.096962,LAX,DFW,False
495,2023-08-17 17:06:58.090299,2024-01-19 17:06:58.096967,DFW,SFO,False
496,2022-11-12 17:06:58.090305,2023-12-27 17:06:58.096973,JFK,JFK,False
497,2023-01-14 17:06:58.090312,2024-02-04 17:06:58.096980,SFO,ATL,True
498,2022-10-08 17:06:58.090318,2023-10-20 17:06:58.096986,LAX,JFK,False
499,2023-02-28 17:06:58.090325,2023-12-26 17:06:58.096992,DFW,SFO,True
500,2023-08-11 17:06:58.090331,2024-08-08 17:06:58.096998,DFW,JFK,True
501,2023-06-03 17:06:58.090338,2023-12-19 17:06:58.097005,DFW,JFK,False
502,2023-05-09 17:06:58.090344,2023-12-26 17:06:58.097011,DFW,DFW,False
503,2023-05-27 17:06:58.090351,2024-02-29 17:06:58.097017,JFK,LAX,True
504,2023-02-13 17:06:58.090357,2024-07-28 17:06:58.097023,SFO,ATL,True
505,2023-04-28 17:06:58.090364,2024-06-15 17:06:58.097029,LAX,LAX,False
506,2022-10-20 17:06:58.090370,2024-09-11 17:06:58.097035,JFK,SFO,False
507,2023-03-24 17:06:58.090380,2024-07-30 17:06:58.097041,LAX,JFK,False
508,2023-08-29 17:06:58.090386,2023-12-13 17:06:58.097047,LAX,LAX,False
509,2023-08-10 17:06:58.090393,2023-09-30 17:06:58.097053,LAX,ATL,True
510,2023-02-09 17:06:58.090399,2024-08-23 17:06:58.097059,SFO,LAX,False
511,2023-01-02 17:06:58.090405,2023-10-05 17:06:58.097065,DFW,LAX,False
512,2023-07-02 17:06:58.090412,2023-11-04 17:06:58.097071,DFW,SFO,False
513,2023-04-02 17:06:58.090419,2024-09-01 17:06:58.097077,SFO,JFK,True
514,2023-05-22 17:06:58.090425,2024-04-22 17:06:58.097083,LAX,DFW,False
515,2023-04-02 17:06:58.090432,2023-11-27 17:06:58.097089,SFO,LAX,False
516,2023-04-06 17:06:58.090438,2023-12-21 17:06:58.097094,LAX,JFK,False
517,2023-08-14 17:06:58.090444,2024-01-18 17:06:58.097100,DFW,DFW,False
518,2023-06-13 17:06:58.090451,2024-08-02 17:06:58.097106,LAX,LAX,False
519,2023-04-29 17:06:58.090457,2024-02-20 17:06:58.097112,LAX,DFW,False
520,2023-08-30 17:06:58.090464,2024-04-09 17:06:58.097118,LAX,SFO,True
521,2023-09-14 17:06:58.090470,2024-05-12 17:06:58.097124,ATL,LAX,False
522,2023-04-27 17:06:58.090477,2024-01-27 17:06:58.097130,ATL,SFO,True
523,2022-10-06 17:06:58.090483,2024-08-02 17:06:58.097136,LAX,DFW,False
524,2023-02-09 17:06:58.090490,2024-07-02 17:06:58.097142,LAX,ATL,False
525,2022-11-04 17:06:58.090496,2024-04-23 17:06:58.097148,JFK,LAX,True
526,2023-03-24 17:06:58.090503,2024-07-11 17:06:58.097154,JFK,JFK,False
527,2023-03-12 17:06:58.090509,2024-06-29 17:06:58.097164,SFO,LAX,True
528,2023-08-19 17:06:58.090516,2023-12-04 17:06:58.097170,LAX,JFK,True
529,2023-03-28 17:06:58.090522,2023-10-03 17:06:58.097176,SFO,LAX,False
530,2023-01-18 17:06:58.090529,2024-03-13 17:06:58.097182,DFW,DFW,True
531,2022-12-21 17:06:58.090535,2024-05-23 17:06:58.097188,LAX,DFW,False
532,2023-02-17 17:06:58.090542,2024-06-19 17:06:58.097194,LAX,LAX,False
533,2023-06-08 17:06:58.090548,2023-12-09 17:06:58.097201,ATL,SFO,True
534,2023-03-07 17:06:58.090554,2024-09-11 17:06:58.097207,DFW,LAX,False
535,2023-04-25 17:06:58.090561,2024-02-11 17:06:58.097213,DFW,SFO,True
536,2023-02-11 17:06:58.090567,2024-07-05 17:06:58.097220,SFO,SFO,False
537,2023-07-24 17:06:58.090574,2024-01-11 17:06:58.097226,JFK,DFW,False
538,2022-11-09 17:06:58.090580,2024-07-29 17:06:58.097233,JFK,ATL,False
539,2023-02-12 17:06:58.090587,2024-07-20 17:06:58.097239,SFO,JFK,True
540,2022-11-04 17:06:58.090593,2024-09-16 17:06:58.097245,ATL,JFK,True
541,2023-04-10 17:06:58.090600,2024-03-13 17:06:58.097251,DFW,ATL,True
542,2023-09-13 17:06:58.090606,2024-04-28 17:06:58.097257,JFK,ATL,False
543,2023-06-08 17:06:58.090613,2024-07-09 17:06:58.097263,SFO,ATL,False
544,2022-11-26 17:06:58.090619,2024-06-21 17:06:58.097268,DFW,SFO,True
545,2023-05-20 17:06:58.090626,2024-04-19 17:06:58.097275,ATL,ATL,False
546,2023-07-03 17:06:58.090632,2023-11-25 17:06:58.097280,JFK,ATL,False
547,2023-08-09 17:06:58.090638,2024-09-06 17:06:58.097286,JFK,SFO,False
548,2023-04-29 17:06:58.090645,2024-04-16 17:06:58.097292,LAX,JFK,False
549,2022-11-12 17:06:58.090651,2024-09-02 17:06:58.097298,ATL,JFK,True
550,2022-12-01 17:06:58.090658,2023-10-18 17:06:58.097303,ATL,SFO,False
551,2023-02-08 17:06:58.090665,2024-01-22 17:06:58.097309,SFO,ATL,True
552,2023-09-16 17:06:58.090671,2024-07-26 17:06:58.097315,SFO,DFW,False
553,2022-12-25 17:06:58.090678,2023-12-05 17:06:58.097321,LAX,SFO,True
554,2023-09-13 17:06:58.090684,2024-03-14 17:06:58.097326,JFK,SFO,True
555,2023-04-14 17:06:58.090691,2024-06-15 17:06:58.097332,JFK,SFO,True
556,2022-12-25 17:06:58.090697,2023-10-06 17:06:58.097338,JFK,DFW,True
557,2022-11-06 17:06:58.090704,2024-07-02 17:06:58.097343,JFK,JFK,False
558,2022-10-08 17:06:58.090710,2024-06-12 17:06:58.097349,LAX,LAX,True
559,2022-10-08 17:06:58.090717,2024-09-02 17:06:58.097355,ATL,SFO,True
560,2023-04-18 17:06:58.090723,2024-04-02 17:06:58.097361,DFW,JFK,False
561,2023-04-29 17:06:58.090730,2024-02-16 17:06:58.097367,JFK,ATL,True
562,2022-10-22 17:06:58.090736,2024-08-02 17:06:58.097373,SFO,SFO,False
563,2022-09-28 17:06:58.090743,2024-02-19 17:06:58.097378,DFW,JFK,True
564,2023-04-18 17:06:58.090749,2024-03-03 17:06:58.097384,SFO,LAX,True
565,2023-04-23 17:06:58.090756,2023-09-26 17:06:58.097390,SFO,JFK,False
566,2023-09-11 17:06:58.090762,2024-05-23 17:06:58.097396,JFK,LAX,False
567,2023-06-19 17:06:58.090769,2024-04-30 17:06:58.097402,ATL,ATL,False
568,2022-12-30 17:06:58.090775,2024-07-30 17:06:58.097408,JFK,DFW,True
569,2023-01-06 17:06:58.090781,2024-06-16 17:06:58.097414,LAX,LAX,False
570,2023-04-03 17:06:58.090788,2024-08-31 17:06:58.097420,SFO,LAX,False
571,2022-10-06 17:06:58.090794,2023-10-07 17:06:58.097426,ATL,DFW,False
572,2022-11-15 17:06:58.090801,2024-04-12 17:06:58.097432,SFO,SFO,False
573,2023-07-30 17:06:58.090807,2024-02-01 17:06:58.097437,DFW,SFO,True
574,2022-12-11 17:06:58.090814,2024-05-21 17:06:58.097443,JFK,LAX,True
575,2023-06-15 17:06:58.090820,2023-11-19 17:06:58.097449,LAX,ATL,True
576,2023-09-01 17:06:58.090827,2024-04-08 17:06:58.097455,DFW,ATL,False
577,2023-05-17 17:06:58.090833,2024-04-29 17:06:58.097461,LAX,LAX,True
578,2023-02-15 17:06:58.090844,2024-09-20 17:06:58.097466,LAX,JFK,False
579,2023-05-24 17:06:58.090851,2024-08-10 17:06:58.097472,JFK,SFO,True
580,2022-12-05 17:06:58.090857,2024-04-26 17:06:58.097478,JFK,JFK,False
581,2022-11-18 17:06:58.090864,2024-05-04 17:06:58.097484,DFW,ATL,False
582,2023-04-11 17:06:58.090870,2024-01-27 17:06:58.097490,SFO,ATL,False
583,2023-08-25 17:06:58.090877,2024-07-20 17:06:58.097496,LAX,JFK,True
584,2023-04-15 17:06:58.090883,2024-08-08 17:06:58.097502,LAX,SFO,True
585,2023-05-30 17:06:58.090890,2024-08-31 17:06:58.097508,LAX,DFW,False
586,2023-01-21 17:06:58.090896,2023-11-28 17:06:58.097514,ATL,JFK,True
587,2022-11-28 17:06:58.090903,2024-09-06 17:06:58.097520,LAX,LAX,False
588,2023-04-30 17:06:58.090909,2024-01-13 17:06:58.097526,JFK,LAX,True
589,2022-10-11 17:06:58.090916,2024-05-01 17:06:58.097532,JFK,ATL,False
590,2023-03-05 17:06:58.090922,2024-05-16 17:06:58.097537,DFW,SFO,True
591,2022-12-01 17:06:58.090929,2024-03-30 17:06:58.097544,JFK,JFK,True
592,2023-07-10 17:06:58.090936,2024-01-22 17:06:58.097550,SFO,LAX,False
593,2023-07-01 17:06:58.090942,2023-11-06 17:06:58.097556,JFK,LAX,True
594,2023-02-11 17:06:58.090949,2024-02-09 17:06:58.097562,JFK,ATL,True
595,2023-02-08 17:06:58.090956,2024-01-21 17:06:58.097568,SFO,DFW,True
596,2023-03-21 17:06:58.090962,2023-10-07 17:06:58.097574,ATL,JFK,False
597,2022-12-05 17:06:58.090969,2023-11-18 17:06:58.097579,SFO,DFW,True
598,2023-09-08 17:06:58.090975,2024-01-01 17:06:58.097585,DFW,SFO,False
599,2023-03-12 17:06:58.090982,2024-07-30 17:06:58.097591,SFO,ATL,False
600,2022-10-12 17:06:58.090988,2024-01-11 17:06:58.097597,DFW,JFK,False
601,2022-12-14 17:06:58.090995,2024-02-13 17:06:58.097603,JFK,LAX,True
602,2023-02-25 17:06:58.091001,2024-01-01 17:06:58.097609,JFK,JFK,True
603,2023-07-08 17:06:58.091008,2024-09-23 17:06:58.097615,SFO,ATL,False
604,2023-09-20 17:06:58.091014,2024-02-06 17:06:58.097621,LAX,LAX,False
605,2023-02-28 17:06:58.091020,2024-07-14 17:06:58.097627,DFW,JFK,True
606,2023-03-10 17:06:58.091027,2024-06-29 17:06:58.097633,JFK,DFW,False
607,2023-01-17 17:06:58.091033,2024-04-04 17:06:58.097638,LAX,JFK,False
608,2023-08-30 17:06:58.091040,2024-08-20 17:06:58.097644,LAX,SFO,True
609,2023-07-15 17:06:58.091046,2024-05-26 17:06:58.097650,SFO,DFW,True
610,2023-01-20 17:06:58.091053,2024-09-18 17:06:58.097656,SFO,LAX,True
611,2022-10-27 17:06:58.091059,2024-05-09 17:06:58.097662,DFW,SFO,True
612,2023-09-10 17:06:58.091066,2023-12-23 17:06:58.097668,SFO,SFO,True
613,2023-05-23 17:06:58.091072,2024-05-08 17:06:58.097678,DFW,ATL,True
614,2023-05-19 17:06:58.091078,2023-12-18 17:06:58.097685,SFO,SFO,False
615,2022-11-06 17:06:58.091085,2024-05-23 17:06:58.097691,SFO,DFW,True
616,2023-06-12 17:06:58.091092,2024-05-19 17:06:58.097697,LAX,JFK,False
617,2023-06-08 17:06:58.091098,2024-04-02 17:06:58.097703,ATL,SFO,True
618,2023-09-15 17:06:58.091104,2024-06-29 17:06:58.097708,ATL,LAX,False
619,2023-09-06 17:06:58.091111,2024-08-24 17:06:58.097714,SFO,DFW,False
620,2023-01-10 17:06:58.091117,2024-04-09 17:06:58.097720,JFK,DFW,False
621,2023-09-15 17:06:58.091124,2024-09-04 17:06:58.097726,ATL,DFW,False
622,2023-01-09 17:06:58.091130,2023-11-14 17:06:58.097731,DFW,SFO,False
623,2022-12-02 17:06:58.091137,2024-06-14 17:06:58.097737,ATL,JFK,True
624,2023-09-24 17:06:58.091143,2024-07-16 17:06:58.097743,LAX,JFK,True
625,2023-05-27 17:06:58.091150,2024-07-21 17:06:58.097748,DFW,SFO,False
626,2022-12-09 17:06:58.091156,2024-08-27 17:06:58.097754,JFK,LAX,True
627,2023-08-26 17:06:58.091163,2024-09-17 17:06:58.097760,ATL,LAX,False
628,2023-05-27 17:06:58.091169,2024-03-27 17:06:58.097765,ATL,SFO,False
629,2022-11-02 17:06:58.091176,2024-07-03 17:06:58.097771,JFK,LAX,False
630,2023-01-04 17:06:58.091182,2024-05-24 17:06:58.097777,DFW,JFK,False
631,2023-04-13 17:06:58.091189,2023-10-26 17:06:58.097783,SFO,ATL,False
632,2023-08-26 17:06:58.091195,2024-09-16 17:06:58.097788,ATL,ATL,True
633,2023-05-03 17:06:58.091235,2024-03-05 17:06:58.097794,DFW,SFO,False
634,2023-01-19 17:06:58.091241,2023-10-15 17:06:58.097800,SFO,DFW,True
635,2023-08-27 17:06:58.091248,2024-04-17 17:06:58.097805,ATL,JFK,False
636,2023-03-13 17:06:58.091254,2024-01-05 17:06:58.097811,DFW,ATL,True
637,2023-05-03 17:06:58.091260,2024-01-31 17:06:58.097816,ATL,DFW,False
638,2023-05-06 17:06:58.091267,2024-06-21 17:06:58.097822,ATL,LAX,True
639,2023-01-10 17:06:58.091273,2024-02-10 17:06:58.097828,ATL,JFK,True
640,2023-04-25 17:06:58.091280,2024-01-15 17:06:58.097833,ATL,DFW,False
641,2023-02-18 17:06:58.091286,2023-11-26 17:06:58.097839,LAX,ATL,False
642,2023-05-16 17:06:58.091293,2023-11-05 17:06:58.097844,SFO,DFW,True
643,2023-04-04 17:06:58.091299,2023-11-08 17:06:58.097850,DFW,JFK,True
644,2023-05-08 17:06:58.091305,2024-03-24 17:06:58.097855,DFW,ATL,False
645,2022-11-12 17:06:58.091312,2024-09-17 17:06:58.097861,SFO,ATL,False
646,2023-03-11 17:06:58.091318,2024-01-25 17:06:58.097867,LAX,DFW,False
647,2022-10-11 17:06:58.091325,2024-05-01 17:06:58.097872,ATL,JFK,True
648,2023-07-18 17:06:58.091331,2023-10-31 17:06:58.097878,ATL,DFW,True
649,2022-12-01 17:06:58.091338,2024-08-31 17:06:58.097884,DFW,DFW,False
650,2023-01-11 17:06:58.091344,2023-12-10 17:06:58.097890,DFW,DFW,False
651,2023-08-01 17:06:58.091351,2024-07-04 17:06:58.097895,SFO,SFO,False
652,2023-05-19 17:06:58.091357,2023-10-02 17:06:58.097901,DFW,ATL,False
653,2023-05-09 17:06:58.091364,2023-11-21 17:06:58.097907,LAX,ATL,False
654,2023-03-15 17:06:58.091370,2024-03-01 17:06:58.097912,DFW,DFW,False
655,2023-05-24 17:06:58.091376,2024-01-16 17:06:58.097918,ATL,DFW,True
656,2022-09-28 17:06:58.091383,2024-07-17 17:06:58.097923,LAX,DFW,True
657,2022-11-05 17:06:58.091389,2024-07-01 17:06:58.097929,SFO,JFK,True
658,2022-12-26 17:06:58.091396,2024-01-20 17:06:58.097935,SFO,JFK,True
659,2023-08-16 17:06:58.091402,2023-12-31 17:06:58.097941,ATL,SFO,True
660,2022-10-08 17:06:58.091409,2024-05-16 17:06:58.097946,SFO,DFW,True
661,2023-08-02 17:06:58.091415,2024-05-28 17:06:58.097952,JFK,DFW,False
662,2023-04-02 17:06:58.091422,2024-05-25 17:06:58.097957,SFO,SFO,True
663,2023-02-09 17:06:58.091428,2024-05-31 17:06:58.097963,ATL,SFO,True
664,2022-12-24 17:06:58.091434,2023-10-14 17:06:58.097968,DFW,ATL,False
665,2022-12-30 17:06:58.091441,2024-07-30 17:06:58.097974,DFW,DFW,False
666,2023-03-12 17:06:58.091447,2024-01-08 17:06:58.097980,DFW,LAX,False
667,2022-11-03 17:06:58.091454,2023-10-18 17:06:58.097986,SFO,DFW,False
668,2023-06-06 17:06:58.091460,2024-02-11 17:06:58.097991,ATL,JFK,False
669,2023-02-05 17:06:58.091467,2023-10-01 17:06:58.097997,DFW,DFW,True
670,2023-07-18 17:06:58.091473,2024-01-11 17:06:58.098002,DFW,SFO,True
671,2023-01-01 17:06:58.091479,2024-02-15 17:06:58.098008,DFW,DFW,False
672,2023-06-20 17:06:58.091486,2024-01-24 17:06:58.098014,SFO,SFO,False
673,2023-03-06 17:06:58.091492,2024-02-26 17:06:58.098019,DFW,LAX,True
674,2023-05-07 17:06:58.091499,2023-12-03 17:06:58.098025,JFK,LAX,True
675,2022-11-20 17:06:58.091505,2024-06-06 17:06:58.098031,JFK,ATL,True
676,2022-12-11 17:06:58.091512,2024-08-26 17:06:58.098037,DFW,SFO,False
677,2023-04-05 17:06:58.091521,2024-09-13 17:06:58.098042,SFO,LAX,True
678,2023-02-09 17:06:58.091528,2023-12-02 17:06:58.098048,DFW,LAX,True
679,2023-07-23 17:06:58.091534,2024-04-07 17:06:58.098054,ATL,DFW,True
680,2023-07-19 17:06:58.091540,2024-04-07 17:06:58.098059,DFW,JFK,False
681,2022-11-28 17:06:58.091547,2024-03-06 17:06:58.098065,SFO,SFO,False
682,2023-03-24 17:06:58.091554,2024-03-09 17:06:58.098071,LAX,DFW,False
683,2023-07-14 17:06:58.091560,2024-01-11 17:06:58.098076,ATL,SFO,True
684,2022-10-28 17:06:58.091567,2023-12-29 17:06:58.098082,DFW,DFW,True
685,2023-07-31 17:06:58.091573,2024-03-11 17:06:58.098087,SFO,LAX,True
686,2023-05-25 17:06:58.091580,2024-03-12 17:06:58.098093,DFW,JFK,False
687,2022-12-31 17:06:58.091586,2023-10-25 17:06:58.098099,ATL,JFK,True
688,2022-09-29 17:06:58.091593,2024-03-23 17:06:58.098104,ATL,SFO,True
689,2022-10-20 17:06:58.091599,2024-04-04 17:06:58.098110,LAX,DFW,True
690,2023-03-18 17:06:58.091606,2024-05-21 17:06:58.098116,DFW,DFW,False
691,2023-04-11 17:06:58.091612,2024-07-30 17:06:58.098121,ATL,LAX,False
692,2023-05-11 17:06:58.091619,2023-10-10 17:06:58.098127,JFK,SFO,True
693,2023-06-13 17:06:58.091625,2024-09-13 17:06:58.098133,ATL,SFO,True
694,2022-10-11 17:06:58.091632,2023-10-29 17:06:58.098138,SFO,LAX,True
695,2023-01-17 17:06:58.091638,2023-11-15 17:06:58.098144,SFO,SFO,True
696,2022-12-06 17:06:58.091645,2023-10-30 17:06:58.098150,JFK,LAX,False
697,2023-07-22 17:06:58.091651,2024-04-08 17:06:58.098158,SFO,JFK,True
698,2023-03-22 17:06:58.091658,2024-03-27 17:06:58.098164,JFK,LAX,False
699,2023-09-22 17:06:58.091664,2024-04-21 17:06:58.098169,DFW,SFO,False
700,2022-10-04 17:06:58.091671,2024-06-08 17:06:58.098175,SFO,ATL,False
701,2022-12-17 17:06:58.091677,2024-04-05 17:06:58.098181,DFW,ATL,True
702,2023-09-04 17:06:58.091684,2024-04-19 17:06:58.098186,JFK,ATL,False
703,2023-08-11 17:06:58.091691,2024-02-04 17:06:58.098192,DFW,LAX,False
704,2022-10-28 17:06:58.091697,2024-03-20 17:06:58.098198,DFW,ATL,False
705,2022-10-06 17:06:58.091704,2024-02-08 17:06:58.098203,ATL,DFW,False
706,2022-11-10 17:06:58.091710,2024-07-04 17:06:58.098209,DFW,LAX,True
707,2023-02-01 17:06:58.091717,2024-05-08 17:06:58.098215,SFO,ATL,False
708,2022-12-21 17:06:58.091723,2024-04-13 17:06:58.098220,JFK,LAX,False
709,2022-11-21 17:06:58.091730,2023-11-08 17:06:58.098226,JFK,JFK,False
710,2023-06-15 17:06:58.091736,2024-01-13 17:06:58.098231,SFO,ATL,True
711,2023-04-15 17:06:58.091743,2024-02-17 17:06:58.098237,ATL,DFW,True
712,2023-02-14 17:06:58.091749,2024-08-12 17:06:58.098243,JFK,SFO,False
713,2022-10-14 17:06:58.091756,2024-04-26 17:06:58.098248,JFK,DFW,True
714,2023-06-09 17:06:58.091762,2023-11-23 17:06:58.098254,JFK,LAX,True
715,2023-01-05 17:06:58.091769,2024-01-28 17:06:58.098260,JFK,JFK,True
716,2022-11-12 17:06:58.091776,2023-10-18 17:06:58.098265,SFO,LAX,True
717,2023-01-09 17:06:58.091782,2024-04-24 17:06:58.098271,DFW,JFK,True
718,2022-12-04 17:06:58.091789,2023-11-08 17:06:58.098277,SFO,ATL,True
719,2023-05-14 17:06:58.091796,2023-11-05 17:06:58.098282,SFO,LAX,True
720,2023-06-01 17:06:58.091802,2024-06-01 17:06:58.098288,JFK,ATL,True
721,2023-09-23 17:06:58.091809,2023-12-30 17:06:58.098293,DFW,DFW,False
722,2023-02-19 17:06:58.091815,2024-06-22 17:06:58.098299,ATL,DFW,False
723,2022-09-27 17:06:58.091822,2024-08-12 17:06:58.098305,SFO,SFO,False
724,2023-07-21 17:06:58.091828,2024-07-03 17:06:58.098310,SFO,ATL,True
725,2023-08-01 17:06:58.091835,2024-09-13 17:06:58.098316,ATL,SFO,True
726,2023-01-23 17:06:58.091841,2024-01-05 17:06:58.098322,ATL,SFO,True
727,2023-01-23 17:06:58.091848,2024-05-09 17:06:58.098327,SFO,LAX,False
728,2022-11-18 17:06:58.091854,2024-05-22 17:06:58.098333,JFK,ATL,False
729,2023-06-05 17:06:58.091861,2024-09-23 17:06:58.098339,ATL,ATL,True
730,2022-10-21 17:06:58.091867,2024-08-19 17:06:58.098344,LAX,LAX,False
731,2023-07-27 17:06:58.091874,2024-09-04 17:06:58.098350,LAX,JFK,False
732,2023-08-04 17:06:58.091880,2024-06-29 17:06:58.098356,ATL,ATL,False
733,2023-08-07 17:06:58.091887,2024-05-25 17:06:58.098361,LAX,DFW,True
734,2023-01-27 17:06:58.091893,2024-04-08 17:06:58.098367,SFO,ATL,True
735,2022-11-04 17:06:58.091900,2024-02-16 17:06:58.098373,LAX,DFW,True
736,2023-03-03 17:06:58.091907,2024-05-18 17:06:58.098378,JFK,ATL,False
737,2022-10-22 17:06:58.091913,2024-08-18 17:06:58.098384,SFO,JFK,True
738,2023-05-20 17:06:58.091920,2024-04-01 17:06:58.098390,DFW,LAX,True
739,2022-12-14 17:06:58.091926,2024-07-27 17:06:58.098395,ATL,JFK,True
740,2023-03-26 17:06:58.091933,2024-09-21 17:06:58.098401,DFW,DFW,False
741,2023-01-22 17:06:58.091939,2024-03-14 17:06:58.098407,ATL,SFO,True
742,2023-09-16 17:06:58.091946,2024-08-16 17:06:58.098412,DFW,JFK,False
743,2023-01-19 17:06:58.091952,2023-10-10 17:06:58.098418,SFO,SFO,True
744,2022-11-10 17:06:58.091959,2023-10-05 17:06:58.098423,LAX,LAX,True
745,2023-06-15 17:06:58.091965,2024-03-18 17:06:58.098429,LAX,ATL,True
746,2023-07-23 17:06:58.091972,2023-12-20 17:06:58.098435,DFW,LAX,False
747,2023-01-09 17:06:58.091978,2024-02-15 17:06:58.098440,ATL,ATL,False
748,2023-04-10 17:06:58.091985,2024-02-27 17:06:58.098446,DFW,LAX,True
749,2022-11-27 17:06:58.091991,2023-10-14 17:06:58.098452,ATL,ATL,True
750,2023-06-13 17:06:58.091998,2024-02-08 17:06:58.098457,SFO,JFK,False
751,2023-01-09 17:06:58.092004,2024-01-25 17:06:58.098463,JFK,LAX,False
752,2023-01-29 17:06:58.092011,2024-02-16 17:06:58.098469,LAX,JFK,True
753,2023-04-12 17:06:58.092017,2024-09-11 17:06:58.098474,DFW,JFK,True
754,2023-04-14 17:06:58.092024,2024-06-06 17:06:58.098480,JFK,DFW,True
755,2023-06-30 17:06:58.092030,2024-08-04 17:06:58.098486,SFO,JFK,True
756,2023-04-30 17:06:58.092037,2024-06-07 17:06:58.098492,ATL,DFW,False
757,2023-08-28 17:06:58.092043,2024-07-30 17:06:58.098497,LAX,JFK,False
758,2022-10-26 17:06:58.092050,2024-07-11 17:06:58.098503,DFW,LAX,False
759,2023-04-29 17:06:58.092056,2023-12-11 17:06:58.098509,ATL,ATL,False
760,2023-04-02 17:06:58.092063,2024-01-07 17:06:58.098514,LAX,JFK,True
761,2023-06-06 17:06:58.092069,2024-01-16 17:06:58.098520,JFK,ATL,True
762,2023-09-02 17:06:58.092079,2024-07-23 17:06:58.098526,ATL,SFO,False
763,2022-12-31 17:06:58.092085,2024-08-09 17:06:58.098532,SFO,JFK,True
764,2023-03-06 17:06:58.092092,2024-03-14 17:06:58.098537,DFW,ATL,False
765,2022-11-12 17:06:58.092098,2023-10-12 17:06:58.098543,ATL,LAX,True
766,2023-01-17 17:06:58.092105,2023-12-07 17:06:58.098549,DFW,SFO,True
767,2023-02-07 17:06:58.092112,2024-08-19 17:06:58.098554,LAX,LAX,True
768,2022-12-30 17:06:58.092118,2023-11-23 17:06:58.098560,DFW,JFK,True
769,2022-12-01 17:06:58.092125,2023-10-30 17:06:58.098566,LAX,SFO,True
770,2023-05-27 17:06:58.092131,2023-11-01 17:06:58.098571,SFO,ATL,False
771,2023-02-07 17:06:58.092138,2023-12-20 17:06:58.098577,LAX,DFW,False
772,2023-03-24 17:06:58.092144,2024-01-21 17:06:58.098582,SFO,DFW,False
773,2023-05-01 17:06:58.092151,2024-03-01 17:06:58.098588,SFO,SFO,True
774,2023-08-23 17:06:58.092157,2023-11-19 17:06:58.098594,SFO,ATL,False
775,2022-10-01 17:06:58.092163,2023-10-24 17:06:58.098599,LAX,SFO,True
776,2023-02-19 17:06:58.092196,2023-10-24 17:06:58.098605,SFO,SFO,False
777,2023-06-07 17:06:58.092202,2024-08-08 17:06:58.098611,LAX,ATL,False
778,2023-01-29 17:06:58.092208,2023-10-21 17:06:58.098617,SFO,ATL,False
779,2023-07-06 17:06:58.092215,2023-11-26 17:06:58.098623,LAX,DFW,False
780,2022-11-13 17:06:58.092221,2023-10-31 17:06:58.098628,JFK,JFK,False
781,2023-04-16 17:06:58.092227,2024-04-03 17:06:58.098634,DFW,LAX,True
782,2023-03-06 17:06:58.092234,2024-05-28 17:06:58.098642,DFW,LAX,False
783,2023-02-12 17:06:58.092240,2023-10-17 17:06:58.098648,JFK,LAX,False
784,2023-06-26 17:06:58.092247,2023-10-27 17:06:58.098654,DFW,ATL,False
785,2022-12-17 17:06:58.092253,2024-02-26 17:06:58.098659,DFW,SFO,False
786,2023-08-10 17:06:58.092259,2024-06-14 17:06:58.098665,SFO,JFK,False
787,2023-05-23 17:06:58.092266,2024-05-08 17:06:58.098671,JFK,ATL,False
788,2023-08-22 17:06:58.092272,2024-09-20 17:06:58.098676,DFW,SFO,False
789,2023-09-22 17:06:58.092279,2024-01-09 17:06:58.098682,SFO,ATL,False
790,2023-01-14 17:06:58.092285,2023-11-24 17:06:58.098688,LAX,ATL,False
791,2023-08-18 17:06:58.092291,2024-07-29 17:06:58.098693,JFK,JFK,True
792,2023-08-03 17:06:58.092298,2024-01-19 17:06:58.098699,JFK,DFW,False
793,2023-09-01 17:06:58.092304,2024-07-13 17:06:58.098705,DFW,JFK,False
794,2023-05-16 17:06:58.092311,2024-04-25 17:06:58.098711,LAX,ATL,False
795,2023-03-11 17:06:58.092317,2023-11-11 17:06:58.098716,ATL,SFO,False
796,2023-07-05 17:06:58.092323,2023-12-16 17:06:58.098722,LAX,DFW,False
797,2022-11-16 17:06:58.092330,2024-08-18 17:06:58.098727,DFW,ATL,True
798,2023-05-18 17:06:58.092336,2024-07-10 17:06:58.098733,ATL,SFO,True
799,2023-05-07 17:06:58.092342,2023-12-11 17:06:58.098739,JFK,SFO,False
800,2023-09-17 17:06:58.092349,2024-03-14 17:06:58.098745,JFK,ATL,True
801,2023-08-06 17:06:58.092355,2023-12-03 17:06:58.098750,LAX,SFO,False
802,2022-10-31 17:06:58.092361,2024-05-04 17:06:58.098756,JFK,SFO,False
803,2023-05-02 17:06:58.092368,2023-10-07 17:06:58.098762,LAX,ATL,True
804,2023-02-09 17:06:58.092374,2024-08-14 17:06:58.098767,JFK,DFW,True
805,2023-04-12 17:06:58.092381,2024-01-24 17:06:58.098773,LAX,LAX,True
806,2022-11-23 17:06:58.092387,2023-12-23 17:06:58.098778,JFK,ATL,False
807,2023-08-29 17:06:58.092394,2024-07-24 17:06:58.098784,DFW,DFW,True
808,2023-06-21 17:06:58.092400,2023-10-30 17:06:58.098790,JFK,DFW,False
809,2022-09-27 17:06:58.092407,2024-08-24 17:06:58.098795,ATL,ATL,True
810,2023-03-16 17:06:58.092413,2024-03-24 17:06:58.098801,JFK,LAX,False
811,2023-01-11 17:06:58.092419,2024-05-26 17:06:58.098807,JFK,ATL,True
812,2022-09-28 17:06:58.092426,2024-07-25 17:06:58.098812,LAX,ATL,False
813,2023-05-30 17:06:58.092433,2024-03-08 17:06:58.098818,SFO,ATL,False
814,2023-04-24 17:06:58.092439,2024-05-10 17:06:58.098824,JFK,LAX,False
815,2023-01-22 17:06:58.092446,2024-03-03 17:06:58.098829,DFW,ATL,True
816,2023-06-14 17:06:58.092452,2024-09-11 17:06:58.098835,JFK,ATL,False
817,2023-04-09 17:06:58.092458,2024-03-15 17:06:58.098841,SFO,ATL,False
818,2022-12-16 17:06:58.092465,2024-03-10 17:06:58.098846,DFW,ATL,False
819,2023-05-28 17:06:58.092471,2024-06-10 17:06:58.098852,LAX,DFW,True
820,2023-08-10 17:06:58.092478,2024-04-22 17:06:58.098858,LAX,JFK,False
821,2023-02-25 17:06:58.092484,2024-04-26 17:06:58.098863,LAX,LAX,False
822,2023-08-02 17:06:58.092491,2024-02-08 17:06:58.098869,DFW,DFW,False
823,2023-09-02 17:06:58.092497,2023-11-05 17:06:58.098875,JFK,DFW,False
824,2023-05-05 17:06:58.092503,2024-03-31 17:06:58.098880,LAX,ATL,False
825,2023-04-14 17:06:58.092510,2024-06-20 17:06:58.098886,SFO,JFK,False
826,2023-05-31 17:06:58.092516,2023-12-21 17:06:58.098892,SFO,ATL,False
827,2023-05-20 17:06:58.092523,2024-02-14 17:06:58.098897,ATL,DFW,True
828,2022-10-23 17:06:58.092529,2024-05-18 17:06:58.098903,SFO,DFW,False
829,2023-03-30 17:06:58.092536,2024-04-12 17:06:58.098909,JFK,LAX,False
830,2023-02-18 17:06:58.092542,2024-08-01 17:06:58.098914,JFK,ATL,False
831,2023-08-07 17:06:58.092548,2023-10-29 17:06:58.098920,JFK,ATL,True
832,2023-04-06 17:06:58.092555,2023-11-04 17:06:58.098926,JFK,LAX,False
833,2023-09-01 17:06:58.092561,2023-10-22 17:06:58.098931,JFK,ATL,False
834,2022-11-10 17:06:58.092567,2024-01-16 17:06:58.098937,SFO,DFW,True
835,2022-11-30 17:06:58.092574,2023-10-30 17:06:58.098943,ATL,SFO,True
836,2022-09-30 17:06:58.092581,2023-12-21 17:06:58.098948,JFK,SFO,True
837,2023-02-25 17:06:58.092587,2024-09-21 17:06:58.098954,SFO,JFK,False
838,2023-02-02 17:06:58.092594,2024-02-05 17:06:58.098960,JFK,LAX,True
839,2023-04-01 17:06:58.092600,2024-06-03 17:06:58.098965,SFO,ATL,True
840,2023-08-13 17:06:58.092606,2024-05-06 17:06:58.098971,JFK,JFK,False
841,2023-03-06 17:06:58.092613,2024-08-24 17:06:58.098976,DFW,SFO,False
842,2023-04-28 17:06:58.092619,2023-10-21 17:06:58.098982,ATL,LAX,True
843,2023-06-23 17:06:58.092625,2024-03-23 17:06:58.098988,LAX,ATL,True
844,2023-01-06 17:06:58.092632,2024-02-07 17:06:58.098993,ATL,JFK,False
845,2023-02-15 17:06:58.092638,2024-08-22 17:06:58.098999,LAX,JFK,True
846,2023-02-15 17:06:58.092645,2024-07-06 17:06:58.099005,SFO,DFW,True
847,2023-09-15 17:06:58.092654,2023-11-24 17:06:58.099011,SFO,DFW,False
848,2023-04-21 17:06:58.092661,2023-10-04 17:06:58.099016,DFW,ATL,False
849,2023-05-21 17:06:58.092667,2024-04-30 17:06:58.099022,DFW,SFO,False
850,2023-05-15 17:06:58.092674,2024-01-26 17:06:58.099027,JFK,SFO,True
851,2023-02-18 17:06:58.092680,2024-02-22 17:06:58.099033,DFW,SFO,True
852,2023-05-02 17:06:58.092686,2024-04-17 17:06:58.099039,ATL,SFO,True
853,2023-05-20 17:06:58.092693,2023-10-25 17:06:58.099044,SFO,SFO,True
854,2023-03-17 17:06:58.092699,2024-08-01 17:06:58.099050,ATL,DFW,True
855,2023-04-12 17:06:58.092706,2023-09-30 17:06:58.099056,DFW,DFW,True
856,2022-09-30 17:06:58.092712,2024-08-06 17:06:58.099061,LAX,DFW,True
857,2023-02-16 17:06:58.092719,2024-05-11 17:06:58.099067,JFK,ATL,True
858,2023-07-09 17:06:58.092725,2024-04-03 17:06:58.099073,DFW,ATL,False
859,2022-10-31 17:06:58.092731,2024-06-09 17:06:58.099078,SFO,JFK,True
860,2023-07-31 17:06:58.092738,2024-05-26 17:06:58.099084,ATL,JFK,False
861,2023-08-31 17:06:58.092744,2024-05-28 17:06:58.099090,SFO,LAX,False
862,2023-07-20 17:06:58.092751,2023-11-28 17:06:58.099095,SFO,JFK,True
863,2022-10-30 17:06:58.092758,2024-02-20 17:06:58.099101,ATL,ATL,True
864,2022-10-12 17:06:58.092764,2023-10-01 17:06:58.099107,SFO,LAX,True
865,2023-09-23 17:06:58.092771,2024-03-10 17:06:58.099112,SFO,LAX,True
866,2022-10-23 17:06:58.092777,2023-12-31 17:06:58.099118,JFK,ATL,False
867,2022-12-24 17:06:58.092784,2023-10-31 17:06:58.099126,LAX,SFO,True
868,2022-11-04 17:06:58.092790,2023-12-23 17:06:58.099132,ATL,LAX,False
869,2023-03-03 17:06:58.092797,2024-02-20 17:06:58.099138,ATL,DFW,True
870,2023-05-09 17:06:58.092803,2024-05-02 17:06:58.099144,JFK,ATL,False
871,2023-08-03 17:06:58.092810,2024-01-03 17:06:58.099149,DFW,ATL,False
872,2023-01-29 17:06:58.092816,2023-12-24 17:06:58.099155,LAX,LAX,True
873,2023-01-31 17:06:58.092823,2024-04-20 17:06:58.099161,SFO,JFK,False
874,2023-01-17 17:06:58.092829,2024-03-20 17:06:58.099166,SFO,SFO,True
875,2022-12-31 17:06:58.092836,2024-07-14 17:06:58.099172,DFW,ATL,True
876,2023-02-25 17:06:58.092842,2023-11-28 17:06:58.099178,SFO,SFO,True
877,2023-05-11 17:06:58.092848,2023-12-31 17:06:58.099183,LAX,DFW,True
878,2023-03-30 17:06:58.092855,2024-06-10 17:06:58.099189,LAX,ATL,False
879,2023-02-11 17:06:58.092861,2024-02-06 17:06:58.099194,DFW,ATL,True
880,2022-11-13 17:06:58.092868,2023-12-13 17:06:58.099200,LAX,LAX,False
881,2022-11-22 17:06:58.092874,2024-06-25 17:06:58.099206,ATL,ATL,True
882,2023-07-25 17:06:58.092881,2024-09-18 17:06:58.099212,LAX,DFW,False
883,2023-03-01 17:06:58.092887,2024-04-11 17:06:58.099217,SFO,JFK,False
884,2023-04-22 17:06:58.092894,2024-07-19 17:06:58.099223,ATL,ATL,False
885,2023-05-04 17:06:58.092900,2024-02-27 17:06:58.099229,ATL,ATL,True
886,2022-12-24 17:06:58.092906,2024-05-23 17:06:58.099235,SFO,LAX,False
887,2023-02-21 17:06:58.092913,2024-06-30 17:06:58.099240,SFO,JFK,True
888,2023-08-15 17:06:58.092919,2024-05-23 17:06:58.099246,LAX,SFO,True
889,2022-10-06 17:06:58.092926,2024-02-28 17:06:58.099258,DFW,DFW,False
890,2023-06-19 17:06:58.092932,2024-08-06 17:06:58.099263,DFW,SFO,True
891,2023-05-01 17:06:58.092939,2024-09-22 17:06:58.099269,JFK,DFW,True
892,2023-01-01 17:06:58.092945,2024-08-26 17:06:58.099275,JFK,JFK,False
893,2023-07-19 17:06:58.092952,2024-03-31 17:06:58.099281,LAX,SFO,True
894,2023-04-11 17:06:58.092958,2024-03-15 17:06:58.099286,SFO,JFK,True
895,2023-06-29 17:06:58.092965,2024-07-31 17:06:58.099292,JFK,DFW,False
896,2022-12-15 17:06:58.092971,2024-03-24 17:06:58.099298,ATL,SFO,True
897,2023-02-08 17:06:58.092978,2024-02-28 17:06:58.099303,LAX,SFO,True
898,2023-04-17 17:06:58.092984,2024-01-19 17:06:58.099309,DFW,JFK,False
899,2023-02-12 17:06:58.092991,2024-05-04 17:06:58.099315,JFK,SFO,False
900,2022-12-03 17:06:58.092997,2024-01-24 17:06:58.099320,ATL,JFK,False
901,2022-09-26 17:06:58.093004,2024-07-27 17:06:58.099326,DFW,DFW,True
902,2023-01-04 17:06:58.093010,2024-06-11 17:06:58.099332,LAX,DFW,False
903,2023-06-12 17:06:58.093017,2024-02-19 17:06:58.099338,SFO,ATL,True
904,2022-12-26 17:06:58.093023,2024-02-19 17:06:58.099343,LAX,DFW,False
905,2023-05-18 17:06:58.093030,2024-02-19 17:06:58.099349,LAX,ATL,False
906,2023-04-04 17:06:58.093037,2024-06-23 17:06:58.099355,JFK,SFO,False
907,2022-12-11 17:06:58.093043,2024-02-20 17:06:58.099360,SFO,LAX,False
908,2022-12-01 17:06:58.093050,2024-05-07 17:06:58.099366,SFO,LAX,True
909,2022-10-26 17:06:58.093056,2024-09-09 17:06:58.099372,SFO,LAX,True
910,2023-09-07 17:06:58.093063,2024-09-04 17:06:58.099377,ATL,SFO,False
911,2023-08-05 17:06:58.093069,2024-07-07 17:06:58.099383,DFW,DFW,True
912,2023-06-14 17:06:58.093076,2024-02-22 17:06:58.099389,LAX,DFW,True
913,2023-01-09 17:06:58.093083,2023-12-06 17:06:58.099394,ATL,ATL,True
914,2022-11-19 17:06:58.093089,2024-03-06 17:06:58.099400,ATL,SFO,False
915,2023-02-02 17:06:58.093096,2024-03-18 17:06:58.099405,ATL,JFK,False
916,2022-10-10 17:06:58.093102,2023-10-09 17:06:58.099411,SFO,ATL,True
917,2022-10-30 17:06:58.093116,2024-04-11 17:06:58.099417,ATL,DFW,False
918,2022-11-15 17:06:58.093123,2024-02-03 17:06:58.099422,DFW,DFW,True
919,2023-06-26 17:06:58.093129,2024-04-03 17:06:58.099428,LAX,ATL,False
920,2023-03-14 17:06:58.093136,2024-05-20 17:06:58.099434,SFO,LAX,False
921,2022-12-11 17:06:58.093142,2024-02-10 17:06:58.099439,LAX,ATL,True
922,2023-09-23 17:06:58.093149,2024-05-08 17:06:58.099445,ATL,ATL,False
923,2023-04-04 17:06:58.093155,2024-09-09 17:06:58.099451,DFW,ATL,False
924,2023-08-18 17:06:58.093162,2023-12-21 17:06:58.099456,JFK,DFW,False
925,2022-10-28 17:06:58.093168,2024-09-11 17:06:58.099462,JFK,DFW,False
926,2022-12-17 17:06:58.093175,2024-06-09 17:06:58.099468,LAX,DFW,False
927,2022-09-26 17:06:58.093181,2024-07-30 17:06:58.099473,ATL,SFO,False
928,2023-03-04 17:06:58.093188,2023-12-30 17:06:58.099479,DFW,ATL,False
929,2022-12-09 17:06:58.093194,2024-08-05 17:06:58.099485,LAX,SFO,False
930,2022-09-29 17:06:58.093201,2024-08-25 17:06:58.099491,ATL,JFK,True
931,2023-06-19 17:06:58.093207,2023-10-16 17:06:58.099496,JFK,ATL,True
932,2023-05-07 17:06:58.093214,2024-06-04 17:06:58.099502,DFW,JFK,False
933,2023-01-05 17:06:58.093223,2024-07-18 17:06:58.099508,DFW,DFW,True
934,2023-09-03 17:06:58.093230,2024-07-23 17:06:58.099513,JFK,ATL,True
935,2023-02-23 17:06:58.093237,2024-06-15 17:06:58.099519,DFW,DFW,False
936,2023-09-20 17:06:58.093243,2023-10-31 17:06:58.099525,ATL,JFK,True
937,2023-03-26 17:06:58.093250,2023-11-16 17:06:58.099530,SFO,ATL,False
938,2023-06-27 17:06:58.093256,2024-07-19 17:06:58.099536,SFO,DFW,True
939,2023-01-13 17:06:58.093262,2024-08-03 17:06:58.099542,ATL,LAX,False
940,2023-05-10 17:06:58.093269,2024-03-13 17:06:58.099548,LAX,JFK,True
941,2022-10-05 17:06:58.093275,2024-08-22 17:06:58.099553,LAX,SFO,False
942,2023-03-17 17:06:58.093282,2024-08-11 17:06:58.099559,ATL,SFO,False
943,2023-03-18 17:06:58.093289,2024-03-06 17:06:58.099565,SFO,SFO,False
944,2023-05-13 17:06:58.093295,2024-06-24 17:06:58.099570,SFO,ATL,True
945,2023-09-08 17:06:58.093301,2024-03-12 17:06:58.099576,JFK,DFW,False
946,2023-03-19 17:06:58.093308,2023-11-29 17:06:58.099582,JFK,ATL,True
947,2023-08-01 17:06:58.093314,2024-02-07 17:06:58.099587,LAX,ATL,True
948,2022-12-17 17:06:58.093321,2024-01-13 17:06:58.099593,DFW,JFK,False
949,2022-10-27 17:06:58.093327,2024-06-24 17:06:58.099598,JFK,SFO,True
950,2023-02-13 17:06:58.093334,2023-09-30 17:06:58.099604,SFO,ATL,True
951,2022-11-30 17:06:58.093340,2024-07-06 17:06:58.099610,JFK,LAX,True
952,2023-02-10 17:06:58.093347,2024-05-07 17:06:58.099616,SFO,LAX,True
953,2022-11-07 17:06:58.093353,2024-07-30 17:06:58.099624,SFO,JFK,True
954,2023-04-12 17:06:58.093360,2024-06-21 17:06:58.099630,DFW,LAX,False
955,2023-02-16 17:06:58.093366,2023-10-24 17:06:58.099636,SFO,DFW,True
956,2022-11-02 17:06:58.093373,2024-06-28 17:06:58.099642,SFO,ATL,False
957,2022-10-10 17:06:58.093379,2024-09-13 17:06:58.099648,DFW,ATL,False
958,2023-09-23 17:06:58.093386,2024-06-08 17:06:58.099653,SFO,JFK,False
959,2023-07-19 17:06:58.093393,2024-06-06 17:06:58.099659,DFW,LAX,False
960,2023-01-11 17:06:58.093399,2024-02-25 17:06:58.099665,LAX,SFO,True
961,2023-04-06 17:06:58.093405,2023-10-21 17:06:58.099670,LAX,JFK,True
962,2022-11-24 17:06:58.093412,2024-05-23 17:06:58.099679,DFW,DFW,False
963,2023-02-14 17:06:58.093418,2024-05-10 17:06:58.099685,SFO,DFW,False
964,2023-05-20 17:06:58.093425,2023-12-11 17:06:58.099691,DFW,SFO,False
965,2023-01-21 17:06:58.093431,2023-11-21 17:06:58.099696,SFO,SFO,True
966,2023-06-19 17:06:58.093438,2024-03-26 17:06:58.099702,SFO,JFK,False
967,2023-07-07 17:06:58.093444,2023-10-25 17:06:58.099708,DFW,SFO,True
968,2023-05-19 17:06:58.093451,2024-08-06 17:06:58.099713,ATL,SFO,False
969,2023-05-23 17:06:58.093457,2023-10-15 17:06:58.099719,JFK,JFK,False
970,2023-01-24 17:06:58.093463,2024-06-20 17:06:58.099725,LAX,DFW,False
971,2023-04-14 17:06:58.093470,2024-01-17 17:06:58.099731,DFW,ATL,True
972,2022-11-23 17:06:58.093476,2024-05-03 17:06:58.099736,LAX,ATL,True
973,2022-11-15 17:06:58.093483,2024-06-20 17:06:58.099742,SFO,JFK,True
974,2023-04-26 17:06:58.093490,2023-12-21 17:06:58.099748,DFW,ATL,True
975,2023-01-04 17:06:58.093496,2023-11-14 17:06:58.099754,JFK,SFO,False
976,2022-11-02 17:06:58.093503,2024-03-30 17:06:58.099759,LAX,DFW,True
977,2023-08-02 17:06:58.093509,2024-04-13 17:06:58.099765,DFW,ATL,False
978,2023-01-23 17:06:58.093516,2024-08-30 17:06:58.099770,DFW,ATL,False
979,2023-09-22 17:06:58.093522,2024-03-24 17:06:58.099776,JFK,ATL,True
980,2023-08-02 17:06:58.093529,2024-06-17 17:06:58.099782,ATL,SFO,False
981,2023-07-14 17:06:58.093535,2024-01-01 17:06:58.099787,SFO,ATL,False
982,2023-02-19 17:06:58.093542,2024-04-27 17:06:58.099793,LAX,LAX,True
983,2023-06-04 17:06:58.093548,2024-05-25 17:06:58.099799,LAX,SFO,True
984,2023-05-27 17:06:58.093555,2024-04-15 17:06:58.099804,ATL,SFO,False
985,2023-05-04 17:06:58.093561,2024-03-26 17:06:58.099810,SFO,ATL,True
986,2022-12-07 17:06:58.093568,2024-05-21 17:06:58.099815,DFW,SFO,True
987,2022-10-24 17:06:58.093574,2024-07-25 17:06:58.099821,DFW,LAX,True
988,2023-03-03 17:06:58.093581,2023-11-15 17:06:58.099827,JFK,JFK,False
989,2023-08-07 17:06:58.093587,2024-02-13 17:06:58.099832,SFO,LAX,True
990,2023-07-19 17:06:58.093594,2024-01-24 17:06:58.099838,SFO,DFW,True
991,2022-12-11 17:06:58.093600,2023-12-05 17:06:58.099844,SFO,JFK,False
992,2023-06-23 17:06:58.093607,2024-09-21 17:06:58.099849,ATL,LAX,True
993,2023-04-27 17:06:58.093613,2023-12-26 17:06:58.099855,SFO,SFO,False
994,2023-07-14 17:06:58.093620,2023-11-08 17:06:58.099861,DFW,LAX,False
995,2022-09-27 17:06:58.093626,2024-02-15 17:06:58.099866,JFK,LAX,False
996,2023-07-13 17:06:58.093633,2024-07-08 17:06:58.099872,JFK,DFW,True
997,2022-10-03 17:06:58.093639,2024-08-23 17:06:58.099878,LAX,LAX,False
998,2022-12-20 17:06:58.093646,2024-04-26 17:06:58.099883,JFK,DFW,False
999,2023-03-23 17:06:58.093652,2024-07-28 17:06:58.099889,DFW,DFW,False
1000,2023-07-07 17:06:58.093659,2024-01-29 17:06:58.099895,SFO,ATL,False
