date,location,temperature,precipitation
2022-01-01,SFO,-2.75940820978432,36.567913585595235
2022-01-02,ATL,2.750746065568409,19.449999218495652
2022-01-03,SFO,-8.157712096014237,15.12173636345694
2022-01-04,JFK,7.949280059210395,37.638450538646616
2022-01-05,LAX,4.483903753531413,45.49600024885948
2022-01-06,LAX,24.22484752151614,8.513374145104125
2022-01-07,LAX,13.233904519619884,37.20135865177313
2022-01-08,JFK,5.776980817300547,23.899663416072535
2022-01-09,SFO,1.8805224989001914,31.722443758938194
2022-01-10,DFW,20.208217114689216,18.845043413252665
2022-01-11,DFW,24.06428589084019,33.707723518787375
2022-01-12,ATL,32.52460523353205,1.746794585507011
2022-01-13,ATL,30.388915166493327,31.462911003384875
2022-01-14,DFW,33.16924420680146,48.8747622192016
2022-01-15,DFW,22.116741480012927,14.175205800472456
2022-01-16,JFK,-1.5013695563433043,13.722885161865793
2022-01-17,LAX,7.012905303728292,36.15257688579454
2022-01-18,LAX,27.150600883124426,28.265963301121683
2022-01-19,JFK,3.8794895374706666,47.857836765920105
2022-01-20,LAX,2.9769294394908776,12.50938458089258
2022-01-21,SFO,8.366511441031648,14.64435083722892
2022-01-22,JFK,-0.39745411918163676,26.163969465929206
2022-01-23,SFO,22.480839245179524,16.018431658169312
2022-01-24,LAX,-7.9791917823757395,20.030968339733914
2022-01-25,DFW,-1.6784502018834306,0.10452905397366763
2022-01-26,DFW,7.664262433747087,29.614887665882357
2022-01-27,ATL,19.606376321337972,9.532922224124112
2022-01-28,JFK,32.755673296389034,12.22632425749266
2022-01-29,LAX,24.167418585276607,16.855684937438735
2022-01-30,ATL,30.148404945735244,36.659055323316174
2022-01-31,JFK,24.216104446163996,42.21261745013835
2022-02-01,JFK,18.432756681154537,27.026077690436516
2022-02-02,DFW,12.444550070021563,0.08973909981757067
2022-02-03,DFW,17.741511600427664,39.372817076070625
2022-02-04,JFK,12.898636743248723,41.629483608848474
2022-02-05,SFO,3.3046712034651193,24.828641324094043
2022-02-06,JFK,-1.6922456196423283,11.158088489254997
2022-02-07,SFO,21.094039899942683,6.74422921777631
2022-02-08,JFK,34.76320562051529,23.110210488372086
2022-02-09,SFO,-8.765973533378215,13.316802990467307
2022-02-10,JFK,-7.23959710345876,9.881857141713596
2022-02-11,SFO,31.40594657574828,40.27898081951628
2022-02-12,DFW,15.597319528120185,17.653169004432534
2022-02-13,DFW,22.352435727766206,40.44762529421438
2022-02-14,ATL,14.190405755663004,11.69234414558898
2022-02-15,SFO,-3.5944506736770965,6.716107038956115
2022-02-16,JFK,4.201479390139923,7.851304619245475
2022-02-17,ATL,28.185653959035882,32.137899343301626
2022-02-18,JFK,25.581383333729427,7.468234672065583
2022-02-19,JFK,24.418211981962976,49.25061587426554
2022-02-20,LAX,8.714213919132892,37.228204926992575
2022-02-21,LAX,-5.3619319993689,8.580677656413737
2022-02-22,LAX,-3.4065955259990908,36.817905850409154
2022-02-23,SFO,-7.662305772546079,47.479843880994665
2022-02-24,ATL,7.416929626543361,5.144174835462301
2022-02-25,LAX,-0.2419891784761905,0.7517183334904087
2022-02-26,ATL,-6.736573023085226,23.14968574265006
2022-02-27,LAX,3.39649063340393,0.06082282003141981
2022-02-28,ATL,8.528477562112364,44.492080061108204
2022-03-01,LAX,-5.994570838457663,10.219813222493556
2022-03-02,DFW,7.956167957635003,45.71970443345724
2022-03-03,DFW,-2.510248892803105,48.31453131703346
2022-03-04,SFO,10.346424313026752,47.37516420827542
2022-03-05,LAX,17.408724817808228,3.417766147063439
2022-03-06,SFO,25.99390402359768,17.34236684063851
2022-03-07,ATL,18.466227045811713,36.89567707125221
2022-03-08,DFW,-5.417921164799676,34.64974658253726
2022-03-09,JFK,5.543216088183609,30.74244825784851
2022-03-10,SFO,23.139878637164067,29.394212279714534
2022-03-11,SFO,-3.730591537973166,28.313726322506966
2022-03-12,JFK,9.91883676942986,26.102007458125115
2022-03-13,SFO,2.403725112244892,23.85825649150451
2022-03-14,ATL,1.5775699677744868,10.956294108107118
2022-03-15,LAX,30.74624753387227,30.70355944523213
2022-03-16,SFO,19.241548907984164,36.39686372273583
2022-03-17,SFO,-4.624332799029892,25.855607418226036
2022-03-18,SFO,11.799505282590996,11.018519958815093
2022-03-19,JFK,14.24581009017508,17.847834359884907
2022-03-20,ATL,25.609619954074702,47.47246859534558
2022-03-21,DFW,24.055578319435966,41.832553708570295
2022-03-22,JFK,33.942340166154246,30.725431071665422
2022-03-23,ATL,13.804112696999507,5.14084642815828
2022-03-24,SFO,-2.8658165624914282,25.185804049661414
2022-03-25,SFO,17.894589430487148,28.747327809313727
2022-03-26,DFW,4.342351152558189,3.5263231084139477
2022-03-27,LAX,30.38334453377348,24.977522831712818
2022-03-28,SFO,11.32638895699349,9.594797787097741
2022-03-29,DFW,32.947515025680914,25.797997796824234
2022-03-30,JFK,-7.661453237279187,5.507933447682961
2022-03-31,JFK,19.74640495500711,10.895529551325694
2022-04-01,SFO,27.085967434714995,27.45360719809137
2022-04-02,DFW,-4.270944444831428,38.80899342469107
2022-04-03,JFK,-1.7220564010802768,48.728054701193564
2022-04-04,JFK,0.5284116806157986,44.70555875399646
2022-04-05,JFK,27.34171286119566,15.690955413804247
2022-04-06,DFW,16.76299260069473,40.661717050558984
2022-04-07,DFW,0.51310841548794,28.497394035815297
2022-04-08,JFK,-6.26504062736942,35.77057852994349
2022-04-09,ATL,28.1751095375652,42.89220733339954
2022-04-10,ATL,19.578189196834312,40.39627029464946
2022-04-11,DFW,15.767062344781813,8.776528311574229
2022-04-12,DFW,14.29194851048874,27.079599686441675
2022-04-13,LAX,-5.016444610394099,17.731359746824875
2022-04-14,SFO,28.96426072680385,41.51853108909659
2022-04-15,LAX,-5.758076612577405,10.538317605766606
2022-04-16,JFK,21.14222510086594,11.91546395575055
2022-04-17,JFK,24.5967601614117,16.891284299848756
2022-04-18,LAX,10.202858665889991,16.800879255775175
2022-04-19,DFW,25.652187520125388,31.634537713541743
2022-04-20,ATL,-0.17557522483268428,49.66576386292314
2022-04-21,DFW,-4.338562219906258,28.769617659277348
2022-04-22,SFO,12.88847612365495,1.017638217594219
2022-04-23,LAX,2.26448715932386,23.150603866289053
2022-04-24,SFO,22.347459558963877,42.44173685593415
2022-04-25,JFK,-3.093446163830995,27.705867237406174
2022-04-26,ATL,6.2202161830387155,33.368894672049294
2022-04-27,DFW,18.962926911652495,6.0586940096245545
2022-04-28,ATL,19.23903267067653,8.833166206672372
2022-04-29,LAX,25.44830840115396,41.75293167505384
2022-04-30,JFK,32.760925491789564,46.16156141461923
2022-05-01,SFO,0.147390618208453,27.341622776685874
2022-05-02,LAX,23.396782936800925,27.725794974593754
2022-05-03,DFW,17.54720108727095,39.19990388682156
2022-05-04,DFW,7.562844277339231,42.08177902214987
2022-05-05,JFK,27.139741764357602,4.556385892072706
2022-05-06,LAX,20.150898303694056,34.74922015734694
2022-05-07,JFK,20.258019257932453,39.454512030954334
2022-05-08,SFO,14.16554753573871,43.61602844506675
2022-05-09,LAX,26.508900412134906,48.629637595058135
2022-05-10,SFO,6.665438573996347,17.740342157795695
2022-05-11,DFW,2.3013307530853364,3.799032934894775
2022-05-12,DFW,4.8403032026376405,32.021378333372915
2022-05-13,DFW,-2.7395409895150893,10.741779413071379
2022-05-14,SFO,8.265039920973464,29.97067727005383
2022-05-15,JFK,-4.526278080235124,7.818245413047142
2022-05-16,DFW,28.494456396699853,1.4096991120280733
2022-05-17,JFK,24.649352603257178,39.82975724228598
2022-05-18,LAX,10.867656809435548,20.30644899646008
2022-05-19,SFO,-7.390305344982542,30.20975162556208
2022-05-20,ATL,3.5404548775152733,21.537846788612676
2022-05-21,SFO,32.341222070178716,48.5915333448558
2022-05-22,DFW,11.918702630287672,17.05804192517145
2022-05-23,JFK,27.304349142399246,23.896397058979325
2022-05-24,SFO,11.833320660261482,3.855420301147572
2022-05-25,ATL,22.199924187647362,25.385598460595414
2022-05-26,JFK,25.995015358615596,47.07041384680643
2022-05-27,DFW,12.512665142308744,35.798164232134326
2022-05-28,LAX,29.372860512529826,0.7356540090680819
2022-05-29,ATL,-1.6000799794820821,35.58590217831842
2022-05-30,DFW,11.593824779285278,10.742326668840363
2022-05-31,LAX,6.049042736126417,46.53017758195072
2022-06-01,ATL,20.63844245024186,5.7905505973450015
2022-06-02,DFW,4.860862339778343,26.63818454500021
2022-06-03,LAX,27.62461804573922,45.75567350275799
2022-06-04,ATL,13.567806954734905,22.772514334634653
2022-06-05,JFK,22.824766622862377,2.268733653353283
2022-06-06,JFK,15.462209943950949,6.687086747047149
2022-06-07,JFK,34.41771372802413,27.769674343684436
2022-06-08,SFO,-2.443493197014302,40.14617012999206
2022-06-09,ATL,7.791756759425731,12.188888324048458
2022-06-10,JFK,2.1847617132805297,8.142546614708824
2022-06-11,ATL,20.922003896347316,44.55133092083838
2022-06-12,ATL,6.774730341693974,28.89525159422441
2022-06-13,JFK,8.874247247085076,5.128558200388456
2022-06-14,LAX,6.2566224557319,45.514411612144166
2022-06-15,SFO,-4.631988850407226,34.81584370573865
2022-06-16,LAX,-6.121949151218859,21.195563878522083
2022-06-17,DFW,18.040659594903474,20.75703719513181
2022-06-18,LAX,22.295923287291444,18.67417804655971
2022-06-19,ATL,4.922398355403409,5.933765929264744
2022-06-20,LAX,34.095626480981316,44.75767376276896
2022-06-21,SFO,27.78116589144949,25.889601822021096
2022-06-22,SFO,4.121026922744317,40.15289017504664
2022-06-23,SFO,6.447425906199996,44.636404678139776
2022-06-24,ATL,-3.3643806596184582,33.05755527785148
2022-06-25,DFW,8.357717062429096,16.531028099323
2022-06-26,LAX,-1.6719596593703017,46.494326224107446
2022-06-27,JFK,0.904346923222711,4.539802464349496
2022-06-28,ATL,5.947193442023849,19.694927080054587
2022-06-29,ATL,14.698240385921245,15.05984941137919
2022-06-30,JFK,22.80187719852416,29.148139330303717
2022-07-01,LAX,5.2561953238984955,18.191686593201812
2022-07-02,DFW,-9.40185046162123,24.521449247754784
2022-07-03,LAX,-5.55912791490017,7.7390489193914505
2022-07-04,JFK,19.593659494090577,47.890786761776496
2022-07-05,JFK,-5.716718061843528,15.01797279141045
2022-07-06,ATL,4.789354831062061,26.63349636414289
2022-07-07,LAX,15.945890556986281,39.630074801099916
2022-07-08,JFK,14.478312354907029,33.2314125699459
2022-07-09,SFO,3.1686586380622757,36.525917690909175
2022-07-10,JFK,-6.2205717936185,25.147807988096126
2022-07-11,DFW,-2.5428344602553716,33.34331203164484
2022-07-12,SFO,24.175470155702193,43.37987442993918
2022-07-13,DFW,31.12720828346469,14.281535241173348
2022-07-14,SFO,-7.770527810449471,9.284130878124513
2022-07-15,JFK,33.983891772867516,8.608062237615188
2022-07-16,DFW,4.589360320289822,40.522453498216684
2022-07-17,JFK,2.3962685750748243,5.588952369961242
2022-07-18,ATL,3.5430253609171203,33.21331762261323
2022-07-19,DFW,11.904292625210566,6.8821266795484
2022-07-20,SFO,-0.007181017454456651,3.2043089455840557
2022-07-21,DFW,29.474215552541352,18.68655699855698
2022-07-22,SFO,1.7336232096251276,19.811382184804284
2022-07-23,ATL,24.90782567049623,8.454802481688528
2022-07-24,ATL,7.280296936992244,0.5407539290739782
2022-07-25,DFW,1.7697937378518827,23.17182100106644
2022-07-26,ATL,33.85821220547487,0.9617863679025063
2022-07-27,ATL,31.24099608367417,13.228498294576706
2022-07-28,JFK,16.080273837201123,2.7496281115412136
2022-07-29,JFK,16.310352658292253,33.33622128440864
2022-07-30,JFK,33.69872604567884,25.646101421366613
2022-07-31,JFK,19.66263423618224,38.68081970045794
2022-08-01,DFW,30.34059937441137,13.769495641847318
2022-08-02,ATL,-7.354388797348987,28.650749522313923
2022-08-03,DFW,24.949440483987026,21.412441153675182
2022-08-04,DFW,24.376515663649457,21.72812188549847
2022-08-05,JFK,18.711741002307996,19.470804096631582
2022-08-06,SFO,3.466296842599485,0.5414331651985793
2022-08-07,ATL,-1.1100085562098094,24.85893928055783
2022-08-08,SFO,8.643957491072811,19.495953943440224
2022-08-09,JFK,3.426528722869053,14.252887190373292
2022-08-10,ATL,30.7052794915027,17.609949135981623
2022-08-11,SFO,-4.552708665884065,16.75628123873815
2022-08-12,ATL,28.489527159108164,15.503760152978247
2022-08-13,SFO,23.733943724544282,32.61085503952392
2022-08-14,ATL,8.360337328599389,19.898162020216027
2022-08-15,ATL,-4.857940246027726,21.101467773566362
2022-08-16,ATL,14.448985548675832,33.4330503393741
2022-08-17,ATL,0.296081402321569,25.708609959019423
2022-08-18,SFO,6.515492818689772,25.509613948502967
2022-08-19,DFW,16.00602470073572,25.910012183200227
2022-08-20,DFW,2.0042420202244653,34.07814195824289
2022-08-21,JFK,6.958841780928292,22.660947275019684
2022-08-22,JFK,-7.402524386988688,14.853791056548982
2022-08-23,DFW,-3.621151176950649,35.80245559790302
2022-08-24,LAX,21.361042141882447,10.748102450292846
2022-08-25,LAX,22.174324287941374,13.210673770673138
2022-08-26,SFO,16.767265445461966,22.029625103407806
2022-08-27,JFK,22.88566903048641,24.14971737397152
2022-08-28,DFW,-6.963560775818305,38.00757657084633
2022-08-29,JFK,-4.5049773660978945,17.461340939149256
2022-08-30,LAX,21.236149297250265,2.064754221801113
2022-08-31,ATL,-1.1099403880862884,38.306246262637366
2022-09-01,LAX,15.43372871632167,30.54776697817374
2022-09-02,SFO,-0.24982981178167663,15.52301866931347
2022-09-03,SFO,17.0674549619848,11.490396057165448
2022-09-04,SFO,19.451047586301662,18.90016882997442
2022-09-05,ATL,17.828115694683845,42.361694705911326
2022-09-06,ATL,11.38528340490706,12.51680172729136
2022-09-07,LAX,17.668403439426605,27.060163322091068
2022-09-08,ATL,29.583192490945343,8.493549387988997
2022-09-09,LAX,25.14874324250391,0.5076574024772962
2022-09-10,JFK,14.330597459140673,35.202528318410856
2022-09-11,DFW,26.535201421094335,17.961346221458225
2022-09-12,LAX,32.15351043612737,24.300404160454896
2022-09-13,DFW,21.160494318842407,28.478091548473415
2022-09-14,ATL,-2.7619980392819565,17.007396308917155
2022-09-15,ATL,4.872357839731009,1.1872924599097945
2022-09-16,ATL,-5.158832649321026,14.892855116203856
2022-09-17,DFW,-6.939755285192989,4.270322401443705
2022-09-18,JFK,4.678859914102635,21.420771758177086
2022-09-19,JFK,5.797621157698805,33.87193585485354
2022-09-20,LAX,31.817105572715107,0.47479048530830736
2022-09-21,LAX,33.84366189892136,31.114480367551483
2022-09-22,ATL,-8.490121364870609,37.007269487990314
2022-09-23,JFK,28.17168810927521,11.21808744628155
2022-09-24,JFK,26.44416927524184,17.12321281096221
2022-09-25,JFK,-0.026388323550710524,33.537809960117556
2022-09-26,DFW,11.925373084666564,39.4778707796364
2022-09-27,DFW,-2.091297742703502,11.748359019661414
2022-09-28,LAX,10.967871546101808,14.051553483529755
2022-09-29,ATL,24.928063212325654,36.430934629860545
2022-09-30,ATL,26.457035086538852,31.716664798755517
2022-10-01,JFK,9.05756376504899,18.354007338827422
2022-10-02,DFW,14.997883753724633,23.978081297410377
2022-10-03,SFO,27.527400432188564,30.28237951931144
2022-10-04,JFK,3.1063446591279362,8.373682820910478
2022-10-05,JFK,2.762543066365261,7.062544259115066
2022-10-06,LAX,13.382466855473794,26.321024345164524
2022-10-07,SFO,7.136563464412156,10.141405402004915
2022-10-08,SFO,20.210512616259475,17.09335008324454
2022-10-09,SFO,20.105595658244066,1.7146345406932662
2022-10-10,DFW,20.901237189787476,35.36454769394048
2022-10-11,LAX,-4.906611952760307,20.160423408930907
2022-10-12,DFW,14.729339522246317,11.151067607623489
2022-10-13,SFO,9.469580963361121,36.83134579029445
2022-10-14,LAX,-0.10877034313714873,49.26008536096467
2022-10-15,DFW,7.54271821642423,17.794387264982642
2022-10-16,DFW,32.28401257080847,42.260558899218175
2022-10-17,LAX,31.731972710572165,20.319973667456274
2022-10-18,DFW,14.841724438682437,22.350442968129258
2022-10-19,ATL,26.573696747242863,1.9705704734184981
2022-10-20,ATL,34.554692171357225,15.782166969765271
2022-10-21,LAX,-0.7705752997794395,49.41296205726594
2022-10-22,DFW,14.638807745124474,47.95383545137618
2022-10-23,JFK,8.441725731567214,32.48150473310423
2022-10-24,SFO,25.938236123629437,45.98977698295049
2022-10-25,JFK,32.36198272877304,47.26341275619439
2022-10-26,ATL,12.421025822677223,22.907202266444678
2022-10-27,LAX,25.696571837834952,6.459896554973738
2022-10-28,DFW,-4.3641004760384075,48.51602776073059
2022-10-29,LAX,-9.27694874848228,22.419164092647936
2022-10-30,DFW,24.714167900888846,42.97303246260841
2022-10-31,LAX,25.246436009724505,43.825426818826884
2022-11-01,DFW,-5.205360845498788,20.60278887378034
2022-11-02,LAX,26.78159823710046,11.992306865201197
2022-11-03,DFW,-1.6867775055336995,11.77161026180884
2022-11-04,ATL,0.7905649668292636,49.58184474282464
2022-11-05,SFO,17.047784853644043,33.214021702260354
2022-11-06,DFW,-9.222984203285689,25.136887105909977
2022-11-07,JFK,25.652846750636314,13.981588780284088
2022-11-08,LAX,14.408160624037802,6.135997168552332
2022-11-09,LAX,14.53934304453923,40.69819769727165
2022-11-10,DFW,-1.7203385044431982,27.165047894484605
2022-11-11,JFK,-6.443687210126967,40.9381655611941
2022-11-12,JFK,20.948501817332108,38.684717836370204
2022-11-13,SFO,14.167560271153572,8.435039275091254
2022-11-14,DFW,7.4990994741606904,48.42422859995339
2022-11-15,SFO,29.161600421935177,5.1624887005467635
2022-11-16,JFK,32.04620179042474,3.2536175400462164
2022-11-17,DFW,9.89204765945533,30.760947503455487
2022-11-18,JFK,-1.745702463897267,15.177311576726254
2022-11-19,DFW,27.87630393347989,10.238560250167678
2022-11-20,DFW,-3.20890389357083,45.57876864182075
2022-11-21,DFW,-7.877436568184704,30.634716916397085
2022-11-22,DFW,9.644500427463466,19.929281463375943
2022-11-23,JFK,30.76706870831906,0.3234834360053285
2022-11-24,DFW,25.393551344348737,48.91406942649167
2022-11-25,SFO,4.633788379695128,14.152468711276661
2022-11-26,ATL,32.196513021468306,3.0639358246267347
2022-11-27,LAX,-6.2158312164362055,49.05775865905022
2022-11-28,LAX,11.650218902391934,35.894017295183176
2022-11-29,DFW,-2.0255639922964175,40.27743937273129
2022-11-30,DFW,10.43318036448289,34.772366654613045
2022-12-01,DFW,-5.866938248516091,41.18614995909303
2022-12-02,SFO,19.850732606814603,20.46864491825483
2022-12-03,SFO,24.68725408242304,39.89295771631718
2022-12-04,LAX,17.529160611052394,39.852226510398346
2022-12-05,LAX,33.02741520385485,13.873380393450985
2022-12-06,SFO,13.591449587770516,5.047591880552588
2022-12-07,SFO,24.02313291308323,5.015157521263136
2022-12-08,ATL,21.861769560909607,11.315209874894999
2022-12-09,SFO,-2.2937493614669178,30.906341535382793
2022-12-10,SFO,-8.662751241508758,12.91617405762136
2022-12-11,ATL,33.11166671698838,19.228898415616197
2022-12-12,LAX,18.736627392867273,36.48397908109936
2022-12-13,DFW,-2.2971761660585415,25.22945259741353
2022-12-14,DFW,4.9603919981543,8.682394009178768
2022-12-15,LAX,16.64108859757071,24.453856931338517
2022-12-16,ATL,1.7657224662376958,7.283001247209042
2022-12-17,ATL,11.64655481845439,35.71108997678138
2022-12-18,ATL,5.477162688015573,5.823655514285675
2022-12-19,ATL,18.705872465200247,45.55970091383543
2022-12-20,ATL,-8.005692706264494,29.333088899925908
2022-12-21,LAX,-8.074029375474774,3.2258988415710457
2022-12-22,ATL,16.20094836708676,41.775661708901914
2022-12-23,DFW,-1.5219650663866169,3.9288438306891713
2022-12-24,LAX,23.667426598760578,7.968489133405971
2022-12-25,DFW,13.644720926406283,21.94049028041882
2022-12-26,JFK,-3.526930986840333,28.17055392181794
2022-12-27,JFK,17.661225812241618,36.5834117195612
2022-12-28,JFK,30.165590624426457,12.309933410106888
2022-12-29,DFW,3.8632916676705022,36.454254125565
2022-12-30,SFO,-8.244027791513448,25.191426778613717
2022-12-31,ATL,-0.8667234253115286,21.630152129315057
2023-01-01,LAX,10.29614588515064,26.03024861800925
2023-01-02,ATL,27.04156085488711,42.83730633761046
2023-01-03,JFK,26.698943473517467,2.298093151366815
2023-01-04,JFK,12.678490693847323,16.720090553503773
2023-01-05,SFO,0.3067373806285687,24.1521015712449
2023-01-06,JFK,5.210746863533457,26.989213177784222
2023-01-07,LAX,28.504930636480765,5.988345832959007
2023-01-08,DFW,-3.634251768368645,44.784130319453595
2023-01-09,ATL,33.965296349185635,29.213526062433008
2023-01-10,ATL,-7.805433240447506,2.306840958769696
2023-01-11,DFW,25.895631569423315,40.45596050033758
2023-01-12,LAX,30.579005927883465,30.59811015318738
2023-01-13,JFK,3.1240215447352426,41.85056928027709
2023-01-14,DFW,28.14682466312317,20.046419482380024
2023-01-15,ATL,0.06778072459243312,28.25301259056238
2023-01-16,SFO,-6.313400614328297,29.76073643777049
2023-01-17,DFW,-0.6622093918749652,38.83166890111644
2023-01-18,LAX,3.743070209313373,48.25266218179166
2023-01-19,ATL,18.72267398207389,25.087202483383848
2023-01-20,DFW,14.607099840362078,47.79577659284311
2023-01-21,JFK,0.11184995527875685,24.526922004404277
2023-01-22,SFO,9.854913742899825,32.84226796537773
2023-01-23,SFO,-1.218132333491761,23.90074217519858
2023-01-24,SFO,19.601964645434148,25.24405115063386
2023-01-25,JFK,28.104789952517123,38.18493759492107
2023-01-26,SFO,16.19376436019019,28.570578750506332
2023-01-27,LAX,18.813382201368263,35.865046514405456
2023-01-28,ATL,31.05889999172353,38.777693563410956
2023-01-29,SFO,5.849421948844848,32.4779394637016
2023-01-30,ATL,23.853360488868795,32.152824870341426
2023-01-31,JFK,9.144958087758166,1.4370844158485718
2023-02-01,JFK,-4.526432339103363,7.343934739395774
2023-02-02,DFW,5.576835228042672,30.29732337920148
2023-02-03,SFO,8.914184952998209,43.15239815227652
2023-02-04,ATL,30.297704035452725,10.646008695071608
2023-02-05,SFO,4.815901278533909,31.14149517597872
2023-02-06,ATL,3.1490516384794827,48.21843861844878
2023-02-07,SFO,2.387386345251935,15.136813525536919
2023-02-08,ATL,17.290914541155814,8.255437366905216
2023-02-09,ATL,2.216399641036727,2.859129506945174
2023-02-10,ATL,4.522136176585411,29.974379327557422
2023-02-11,ATL,14.962227430806823,26.529447708716642
2023-02-12,SFO,10.40054034575563,38.1185992519992
2023-02-13,DFW,-3.4428285779640486,2.038519435729774
2023-02-14,JFK,-1.3417520723713565,30.648483597216703
2023-02-15,SFO,19.143804794947595,37.9862568626904
2023-02-16,ATL,10.005082026707278,30.55249911683638
2023-02-17,ATL,21.4878713583651,0.9549347061106661
2023-02-18,LAX,-5.699628774927016,24.614771686664106
2023-02-19,LAX,-1.1384887007239008,30.101703317425816
2023-02-20,JFK,-9.849726707379652,30.601956611601842
2023-02-21,ATL,-9.693965983348178,26.43630008862322
2023-02-22,SFO,15.243660741707817,34.644662127744894
2023-02-23,ATL,3.9178733984026923,33.681871873290774
2023-02-24,LAX,19.327391909446465,34.557816317460095
2023-02-25,JFK,18.311992714868264,12.70831857818559
2023-02-26,SFO,-8.867106857404297,10.855595032394666
2023-02-27,ATL,4.475562364880009,30.34251711575251
2023-02-28,LAX,12.513856104422004,40.43570584792739
2023-03-01,LAX,-6.8044618117621525,9.609759736755253
2023-03-02,DFW,3.5423012653527763,48.15574552703809
2023-03-03,DFW,-8.66153304067462,44.97888587508218
2023-03-04,JFK,30.47640406011414,35.76655340457652
2023-03-05,DFW,13.230577233214607,20.969180767284946
2023-03-06,ATL,34.152035153598675,7.789151666297761
2023-03-07,DFW,11.110463326964183,5.164265789967281
2023-03-08,SFO,5.313771101039885,13.652327595111286
2023-03-09,DFW,32.77387803284513,10.21291005413907
2023-03-10,ATL,21.131450940443525,3.2526096004931118
2023-03-11,DFW,34.9677081397959,34.52239003799184
2023-03-12,SFO,20.490433296175414,43.69233351857243
2023-03-13,ATL,19.35073061105621,20.449712533652743
2023-03-14,LAX,30.326224735096325,11.211922714961753
2023-03-15,SFO,-5.012810502034963,37.65507820302094
2023-03-16,LAX,24.90569907862696,18.12959159876878
2023-03-17,SFO,19.487365677371184,10.288489773441444
2023-03-18,JFK,2.1256895616290983,20.963458410211295
2023-03-19,DFW,27.159832478841388,7.200823878241747
2023-03-20,JFK,23.51249528540037,10.504791881142516
2023-03-21,JFK,-5.437376565982569,3.587642887341691
2023-03-22,DFW,24.86975830630943,28.932104394232766
2023-03-23,DFW,12.31429228101667,46.26493199558966
2023-03-24,DFW,21.913182648861138,34.54116764267322
2023-03-25,SFO,13.39915218511284,38.680930812891354
2023-03-26,DFW,9.188070159028083,5.737297257622215
2023-03-27,DFW,3.8658241635913075,35.247617540240554
2023-03-28,JFK,7.5879531333576615,9.979874303591519
2023-03-29,SFO,6.58787902710084,7.076627171579491
2023-03-30,ATL,32.679425244832096,6.185109004417994
2023-03-31,LAX,12.44240118202098,47.548311294313116
2023-04-01,LAX,21.777573733919876,39.12911108069191
2023-04-02,SFO,17.7473373122197,2.3040554311107906
2023-04-03,JFK,24.768564812394942,31.593803001058916
2023-04-04,ATL,12.54366108026856,19.716838443704287
2023-04-05,LAX,22.009921473724248,30.081765996953624
2023-04-06,DFW,7.39994532452398,14.365340426896939
2023-04-07,JFK,25.055865953424536,36.057223590504925
2023-04-08,LAX,-1.7461929981888389,35.01529503046012
2023-04-09,DFW,-0.36221317590130475,25.272929694727786
2023-04-10,ATL,3.28397740274894,24.69031669738993
2023-04-11,DFW,6.020288460816737,46.163973148412914
2023-04-12,JFK,21.7919546667787,31.825203107761663
2023-04-13,SFO,-6.597806088208346,1.0002767463011875
2023-04-14,ATL,19.27909071589912,23.45498485631611
2023-04-15,SFO,16.33817379951838,47.771386937900914
2023-04-16,LAX,22.944231161617488,6.678191151588875
2023-04-17,JFK,4.661997936861775,39.81337397184472
2023-04-18,ATL,23.080200156825157,48.62490366205045
2023-04-19,JFK,14.11761095239012,8.856577511033503
2023-04-20,DFW,3.621021063971007,28.651834699331342
2023-04-21,SFO,25.364377445502875,19.604251556046798
2023-04-22,SFO,15.549739446787648,41.25029180494819
2023-04-23,LAX,21.339030584672905,42.37026331096962
2023-04-24,LAX,33.155766910700606,43.33247244587922
2023-04-25,ATL,-0.716615412378113,33.52017495090692
2023-04-26,DFW,31.59993539069911,30.874390263697727
2023-04-27,ATL,5.530107722195035,42.387005606268495
2023-04-28,DFW,12.92873221367018,35.716098558713995
2023-04-29,LAX,4.539237481649794,22.865745693203397
2023-04-30,SFO,7.306269093872157,14.562181824660597
2023-05-01,ATL,23.884674032609695,28.771903751898144
2023-05-02,SFO,17.560342140753363,19.8907390987855
2023-05-03,SFO,9.654313532132505,48.53894380776213
2023-05-04,LAX,-4.263537458222028,16.938762839287673
2023-05-05,ATL,16.870602969919553,39.39328464779531
2023-05-06,JFK,27.028656673292048,49.43095294833819
2023-05-07,DFW,28.634940370525243,45.86377828455389
2023-05-08,ATL,30.23965615041228,17.992073198876028
2023-05-09,SFO,1.2455922680393687,42.79137692572188
2023-05-10,ATL,16.961584256680712,35.939533305234015
2023-05-11,ATL,1.3475306899777877,7.79991415845328
2023-05-12,SFO,-2.314122005201214,15.933336748454058
2023-05-13,ATL,-2.1704321960977486,36.17965424540198
2023-05-14,SFO,17.832055545498264,42.62571562734983
2023-05-15,DFW,16.840596654651076,29.129936429535626
2023-05-16,LAX,14.879739951776948,37.74231109191823
2023-05-17,SFO,6.003859952368778,24.897989790746795
2023-05-18,ATL,-8.803110151173994,42.66868565313128
2023-05-19,DFW,16.18457966858545,13.75897402073149
2023-05-20,JFK,33.87281013608629,17.188020469169356
2023-05-21,ATL,14.189165373689516,32.030280996723846
2023-05-22,ATL,9.923594369556891,11.827023313398527
2023-05-23,JFK,-1.4953389083132311,46.2154990080063
2023-05-24,DFW,17.512497345066468,4.328531098016731
2023-05-25,LAX,10.556605473751574,10.057712158115311
2023-05-26,ATL,17.817674626638826,12.317605312835939
2023-05-27,ATL,19.662860222095382,46.74953600630317
2023-05-28,DFW,28.37763650919358,11.403690570786267
2023-05-29,JFK,6.171510420513204,21.816757694563808
2023-05-30,DFW,-1.08334550144402,42.0689674385232
2023-05-31,ATL,18.22659505967127,13.141949092468874
2023-06-01,SFO,5.013399542677121,37.42337428806829
2023-06-02,LAX,28.368482085496005,2.4687092548342946
2023-06-03,LAX,-6.422201901585831,0.3914561670220362
2023-06-04,DFW,13.630871765990435,15.49022554618637
2023-06-05,SFO,28.784579782459147,26.75144527345461
2023-06-06,JFK,12.88651376624496,28.567846183720768
2023-06-07,ATL,-6.405839851683283,15.458848845795343
2023-06-08,JFK,-5.604938519603076,19.966444890087985
2023-06-09,DFW,20.383645208455157,27.289757602985233
2023-06-10,JFK,19.6264930090805,49.26849409612009
2023-06-11,SFO,1.0671248774733826,25.449357898898477
2023-06-12,SFO,34.77842414302353,42.417918119656775
2023-06-13,JFK,32.079641719035436,41.867259686299604
2023-06-14,SFO,12.302900283123574,41.22209769907473
2023-06-15,LAX,15.736939383724938,9.170192226864865
2023-06-16,LAX,-4.356146289803701,46.21034681642981
2023-06-17,SFO,-7.426686169132337,3.1064219604599765
2023-06-18,JFK,20.08813406005759,13.07039443585144
2023-06-19,SFO,-8.947864784841357,6.300356208870495
2023-06-20,ATL,9.405207951212173,5.015555410718692
2023-06-21,DFW,14.544074130319657,21.38273593857151
2023-06-22,LAX,6.144371978772263,13.090087596871369
2023-06-23,JFK,13.876762952728612,0.38051860596473586
2023-06-24,JFK,26.878606531073274,14.217969903769307
2023-06-25,SFO,-9.059510173835733,19.530635588347607
2023-06-26,LAX,9.110023633391624,27.871736973235063
2023-06-27,JFK,27.549298878919537,33.9970729875894
2023-06-28,SFO,12.868156602523477,30.492124037398614
2023-06-29,JFK,23.69863025257615,5.386977051528374
2023-06-30,SFO,-9.117392507049509,28.667169444141354
2023-07-01,JFK,10.306103637974246,41.18943588881147
2023-07-02,JFK,-6.261031549567659,21.51628526787818
2023-07-03,JFK,-2.803133547434374,2.92053149464907
2023-07-04,JFK,18.181591049310722,41.20927545880461
2023-07-05,SFO,-6.165607979052374,18.506824727592974
2023-07-06,SFO,21.986882869520752,29.728558870098343
2023-07-07,SFO,-5.385084233887407,20.230620434114815
2023-07-08,ATL,8.796657203090163,20.142238030962677
2023-07-09,LAX,-3.58038856657285,32.839077678726866
2023-07-10,DFW,12.604270809962966,46.215842538636295
2023-07-11,ATL,30.714506948282583,38.03229126668942
2023-07-12,SFO,30.698180068209318,1.5479278405511998
2023-07-13,LAX,34.14733785918632,15.94574411878339
2023-07-14,LAX,1.9229072233929898,31.025655838397192
2023-07-15,LAX,25.041739633085385,13.733591886546348
2023-07-16,DFW,30.011065501763625,10.321955066202598
2023-07-17,ATL,24.941545621348915,8.638716159896187
2023-07-18,LAX,11.091178009918643,2.4103522220811078
2023-07-19,LAX,30.152999403273,28.004598173353106
2023-07-20,ATL,-6.395797204354159,1.1263681621496435
2023-07-21,DFW,27.103863283699575,40.39002281181163
2023-07-22,SFO,28.84232655081817,37.873969654870706
2023-07-23,SFO,18.383315755957263,19.955509037752734
2023-07-24,JFK,10.29150771304736,12.000979883080737
2023-07-25,ATL,20.835174488222155,0.13530149402944947
2023-07-26,SFO,32.51626792852226,13.272129271457956
2023-07-27,ATL,24.140660355640954,11.497556030265555
2023-07-28,SFO,12.413978116411926,32.16444010517784
2023-07-29,LAX,34.09403930106155,45.928519913668026
2023-07-30,DFW,32.14335929743081,10.964944006123122
2023-07-31,JFK,27.23517355437763,23.01313583746006
2023-08-01,SFO,-7.295980808520911,43.50149781063949
2023-08-02,DFW,4.418774732407533,36.96311038643743
2023-08-03,ATL,0.438644286213167,46.71554754168271
2023-08-04,ATL,29.886073863921986,7.619669358970821
2023-08-05,ATL,30.871372607486123,4.526025018455288
2023-08-06,SFO,-8.593653268960885,36.6659777159905
2023-08-07,JFK,17.4488786053131,13.208365862333427
2023-08-08,JFK,28.038304882875686,16.233932655677336
2023-08-09,DFW,6.100933681092425,7.997397575560622
2023-08-10,LAX,-7.152009523497623,12.793229543265038
2023-08-11,ATL,14.244706738004894,8.411735681784126
2023-08-12,DFW,-3.705757385400708,9.92483896836553
2023-08-13,JFK,-5.125483648033585,39.73887380908948
2023-08-14,LAX,27.318191355585157,36.81255640935333
2023-08-15,LAX,14.07079086489109,2.861298396506756
2023-08-16,ATL,3.5118342058847585,5.220473313382973
2023-08-17,LAX,15.424341944619776,14.396484943837168
2023-08-18,DFW,28.89361779423203,13.159563519661182
2023-08-19,ATL,28.819550849560343,8.217292868263781
2023-08-20,SFO,-3.407358917781149,26.5145557525329
2023-08-21,DFW,19.763232894304167,4.017616687916837
2023-08-22,ATL,32.11625316302481,7.424718405769331
2023-08-23,JFK,19.81061208450295,39.31691560550915
2023-08-24,SFO,10.16205303258878,49.27438351601037
2023-08-25,ATL,13.167264016108408,34.104869275647296
2023-08-26,ATL,23.651964456826455,44.45600221933007
2023-08-27,LAX,19.726663380416017,25.597230510008973
2023-08-28,LAX,-3.4401708070313735,49.47329189226725
2023-08-29,ATL,-0.8286077312573283,31.938431823246244
2023-08-30,JFK,26.785693453254318,16.330578043635345
2023-08-31,DFW,-3.37957385946751,35.20415638147193
2023-09-01,LAX,15.330725814587371,31.441892872201905
2023-09-02,SFO,-7.525791422386009,17.66238585841251
2023-09-03,LAX,-2.4839069709710913,0.20150782015367352
2023-09-04,ATL,-8.35102665412674,7.035043526114077
2023-09-05,DFW,2.4448115896843863,44.1143178365741
2023-09-06,SFO,9.701588695837465,11.566622692271732
2023-09-07,ATL,25.27833607006496,49.04841346491162
2023-09-08,ATL,-0.20476786826147908,5.671535542060369
2023-09-09,ATL,28.06158718977953,19.14397130056638
2023-09-10,LAX,34.18603304639479,20.440140263612548
2023-09-11,JFK,13.88336856454302,15.352959737345001
2023-09-12,JFK,-5.328892262647296,4.296695136115486
2023-09-13,LAX,32.51893262473705,39.08558337118186
2023-09-14,ATL,-4.2748264775445595,8.567540895229552
2023-09-15,ATL,25.14314284309316,37.69573496858216
2023-09-16,LAX,28.072734534782583,23.701286855177177
2023-09-17,DFW,7.234130443610752,13.63763618630779
2023-09-18,JFK,28.073388702116176,17.66614529415078
2023-09-19,JFK,18.3319891045789,47.07379165581506
2023-09-20,ATL,13.760132416711773,2.0361626303278535
2023-09-21,JFK,31.530163927175053,8.695482651878578
2023-09-22,JFK,20.302953803706103,4.6418428611133935
2023-09-23,JFK,2.9891426730959445,24.458042113408045
2023-09-24,DFW,31.116505624327374,12.133658402748582
2023-09-25,DFW,-9.552577320586945,28.947576099354066
2023-09-26,LAX,20.482441878231672,49.9161819281365
2023-09-27,LAX,-5.512869354126012,19.805741802060382
2023-09-28,ATL,-2.763690887335672,22.739590542055055
2023-09-29,LAX,-6.071307591492991,7.261009781560279
2023-09-30,ATL,31.075612648776925,39.750633297116764
2023-10-01,ATL,19.28643441589179,48.183357529628736
2023-10-02,SFO,-6.318470523016293,11.554754289016223
2023-10-03,SFO,14.650672540512161,1.8845920678778494
2023-10-04,SFO,4.282456060968753,13.98701949814135
2023-10-05,LAX,26.912974420465474,44.723753946016956
2023-10-06,SFO,2.8524121412254306,0.09712421502374169
2023-10-07,ATL,21.441749459379206,38.38940486946437
2023-10-08,JFK,18.940919041863367,44.38568343644214
2023-10-09,ATL,24.59668091557709,39.40580081192325
2023-10-10,JFK,-0.5486717587456926,22.184758561252526
2023-10-11,SFO,6.971464357021855,36.33147018948565
2023-10-12,LAX,1.2984211286536596,38.85553639502686
2023-10-13,LAX,2.9856755260219714,3.761312207585099
2023-10-14,JFK,19.22970730591431,25.167918359671994
2023-10-15,LAX,-7.869192364863057,28.482145916122413
2023-10-16,JFK,11.689027596662953,18.374601849383065
2023-10-17,JFK,26.06662043974454,21.61098914537723
2023-10-18,JFK,34.74194482761002,18.470395768672926
2023-10-19,JFK,22.33702905733825,30.613514447623437
2023-10-20,SFO,6.942040145819313,19.948219284344415
2023-10-21,DFW,-0.2092876685559677,42.53986552724134
2023-10-22,LAX,24.87258423007499,9.756493414628292
2023-10-23,JFK,-1.3992681720918867,22.334475976169156
2023-10-24,JFK,5.889157816665136,43.173404363059525
2023-10-25,ATL,-7.095092090690082,21.20716917229859
2023-10-26,LAX,33.75533020473485,34.389847659698084
2023-10-27,SFO,14.39923157611527,0.2875712322845225
2023-10-28,SFO,1.095650102057796,44.783443766661435
2023-10-29,DFW,0.0763647716285547,46.261650989324856
2023-10-30,LAX,21.68472204688135,2.1845325406624925
2023-10-31,ATL,1.002056539823716,34.44574126635603
2023-11-01,ATL,9.938161906678353,9.699179360191707
2023-11-02,DFW,12.91574620145311,28.490269778692877
2023-11-03,ATL,-3.573144379269727,32.87447096603904
2023-11-04,ATL,-1.0873495744801556,16.78922330407217
2023-11-05,SFO,22.919685193434198,4.204450573176971
2023-11-06,SFO,-0.24095854578840203,42.382573727227744
2023-11-07,SFO,0.7872823891620939,29.342803629641534
2023-11-08,JFK,-3.5696673861855013,44.473829187576015
2023-11-09,ATL,30.67206698684931,1.9079694683639736
2023-11-10,SFO,-9.658729996844736,21.440002601595907
2023-11-11,DFW,32.54922155016448,1.3298625243201967
2023-11-12,JFK,8.886233297607646,20.761878364553617
2023-11-13,LAX,8.06738271361285,17.309085296942694
2023-11-14,SFO,32.17987664208122,25.99973274786506
2023-11-15,SFO,34.766934340140764,12.147564641279068
2023-11-16,JFK,24.931111167773594,41.91427205721453
2023-11-17,JFK,7.82280463877758,37.70580799787975
2023-11-18,SFO,24.10013114166621,37.81692838596943
2023-11-19,DFW,20.543209486554083,7.245151151856749
2023-11-20,LAX,33.547895568261026,48.43998084762517
2023-11-21,SFO,15.599051300940719,20.763870153500896
2023-11-22,LAX,28.656529347781188,35.01209577684535
2023-11-23,ATL,28.389727831480933,4.138851558829465
2023-11-24,JFK,7.315603929959995,10.041977190188318
2023-11-25,DFW,7.887450460396657,20.060581971330272
2023-11-26,SFO,-0.5980688368509348,45.55045185848891
2023-11-27,SFO,24.467614377361457,49.88226755234986
2023-11-28,DFW,27.16243180032238,43.123320725235835
2023-11-29,LAX,-5.480910423611904,13.70403972629638
2023-11-30,JFK,19.72163676887335,39.15688668515674
2023-12-01,DFW,9.629005275728812,18.002153239665887
2023-12-02,ATL,5.234636126969711,6.354374038956722
2023-12-03,LAX,26.137254717295313,10.555412676008002
2023-12-04,LAX,4.695549401008854,25.071456548029865
2023-12-05,ATL,2.533931178345618,10.660668354580134
2023-12-06,JFK,18.70528056206745,24.076459992912806
2023-12-07,LAX,30.775299580343308,11.1776208323981
2023-12-08,JFK,27.601303439710755,23.92026080814242
2023-12-09,SFO,-9.809045508307776,16.725190580305004
2023-12-10,JFK,31.688710982439765,2.9517771688282957
2023-12-11,ATL,19.291693801446957,38.97309149913275
2023-12-12,ATL,34.90597933996999,33.505865622163164
2023-12-13,JFK,30.752454742033258,12.094067835792083
2023-12-14,LAX,4.785090704693358,36.65761022780944
2023-12-15,JFK,15.86056083663286,29.121721735213264
2023-12-16,SFO,-2.732643076975158,5.054188102747065
2023-12-17,JFK,9.947360878301378,39.77004931788375
2023-12-18,LAX,1.9045832819847544,13.222087255105752
2023-12-19,DFW,3.618884054762601,46.52663991167951
2023-12-20,SFO,34.457179520303036,32.74444199319867
2023-12-21,SFO,13.854092209001347,16.041403085703422
2023-12-22,DFW,32.00757570121655,20.732262754764424
2023-12-23,SFO,22.881805999587947,46.31825520169862
2023-12-24,SFO,29.87470393593908,25.59083664578284
2023-12-25,SFO,-9.705349094046682,32.450288682489514
2023-12-26,JFK,27.999633652064894,34.094510494999014
2023-12-27,LAX,-7.878714993527131,31.945427925004438
2023-12-28,LAX,26.289463429487384,48.17614245870608
2023-12-29,ATL,5.668844448485988,12.319991527802692
2023-12-30,JFK,11.370494238179319,8.996309906103184
2023-12-31,ATL,10.093878974510051,37.278221202694766
2024-01-01,ATL,-0.6576693629099886,39.26169190240543
2024-01-02,LAX,15.430035317363338,24.973055962288594
2024-01-03,ATL,5.866026651947459,20.897984999684706
2024-01-04,JFK,21.298148389318257,40.96079307410211
2024-01-05,ATL,4.016118615908111,13.921767772669046
2024-01-06,LAX,12.82065705575916,40.50956790326457
2024-01-07,DFW,-7.278851914369147,40.5065065870575
2024-01-08,JFK,7.6700473581338215,24.262104413001584
2024-01-09,LAX,26.4903550708986,31.977859572375237
2024-01-10,LAX,27.995837976808993,6.1834555830421465
2024-01-11,SFO,26.242587843642575,9.642223506339388
2024-01-12,LAX,1.038083075450503,31.501568849387713
2024-01-13,ATL,-0.5900308827075147,40.556064732450004
2024-01-14,ATL,0.6176416923436321,33.32296563661013
2024-01-15,ATL,13.235270966173733,37.83882678069664
2024-01-16,LAX,4.667604453771064,48.422991438103374
2024-01-17,JFK,32.79381997372462,41.47849444329067
2024-01-18,SFO,25.38096490489275,27.093255931567555
2024-01-19,SFO,2.760181475831093,21.439596400694356
2024-01-20,ATL,24.7436193118289,47.85074227821692
2024-01-21,JFK,9.388248023819752,20.8606674609332
2024-01-22,DFW,19.85863691193285,47.35554537820665
2024-01-23,DFW,5.378446229172129,23.48800017604664
2024-01-24,DFW,10.048278803559896,19.201311018623496
2024-01-25,SFO,-9.4056310513804,0.3468781044279168
2024-01-26,SFO,9.087974660431971,29.30839356807833
2024-01-27,ATL,29.75662886364909,8.905650928280572
2024-01-28,JFK,10.268502245284317,47.62503587545507
2024-01-29,ATL,14.948380863143154,22.14992041544451
2024-01-30,JFK,15.656302691684893,16.47571803541371
2024-01-31,DFW,3.6438575576877756,0.3596881126607665
2024-02-01,ATL,-4.877008306579436,25.763709178003385
2024-02-02,DFW,20.243973041068088,34.96825347492636
2024-02-03,JFK,-5.389722533581653,34.22985608813248
2024-02-04,ATL,4.897443481217451,28.180755368641236
2024-02-05,SFO,16.117159274476307,36.22183681256438
2024-02-06,JFK,33.96797606879704,41.129856024426594
2024-02-07,SFO,8.004910785878153,47.508082380510594
2024-02-08,ATL,29.841176386784873,17.185571522471584
2024-02-09,ATL,27.368607901801,5.30933684434487
2024-02-10,ATL,30.62111034531027,7.158095271497988
2024-02-11,SFO,6.642273868448708,0.5575954371201841
2024-02-12,SFO,34.32868217308925,47.167127146426736
2024-02-13,LAX,14.73371787844976,30.15505207302411
2024-02-14,LAX,17.99484565362134,19.331495565488453
2024-02-15,JFK,2.3709887110535917,20.145388050057345
2024-02-16,ATL,28.232992829361443,6.766168819764301
2024-02-17,JFK,1.4444304968510888,44.361228969184154
2024-02-18,JFK,31.498712977234995,19.95606546339994
2024-02-19,JFK,23.078669739773957,22.585508072094346
2024-02-20,LAX,13.671079073864654,7.746374594996114
2024-02-21,JFK,26.218956436979497,40.60707320552241
2024-02-22,JFK,-1.9616864753944565,33.65654049905273
2024-02-23,SFO,-0.4728610969554161,18.381084225648042
2024-02-24,DFW,30.319178758378065,21.436989333195065
2024-02-25,DFW,1.4204107072005936,39.838760918420704
2024-02-26,LAX,-4.421810440615129,15.30482143762823
2024-02-27,SFO,26.430936972820625,14.857296458160075
2024-02-28,DFW,-4.4350577370616655,19.09275483615534
2024-02-29,JFK,32.117416293183375,44.42775792302298
2024-03-01,JFK,18.36166832028687,43.53815232659013
2024-03-02,ATL,32.242511925171314,11.141725587127048
2024-03-03,ATL,16.8261503845625,3.596872616842112
2024-03-04,JFK,6.625399792412985,30.802834977496552
2024-03-05,LAX,2.1965348333277426,33.740024114961884
2024-03-06,SFO,17.951081873287784,23.322321111893245
2024-03-07,LAX,15.047514163576608,15.956944949561153
2024-03-08,LAX,-1.3982533194955717,46.9080958443778
2024-03-09,LAX,16.083136478670937,27.866767275210023
2024-03-10,JFK,15.691907594745384,35.10468181576512
2024-03-11,JFK,-2.0467061709072896,26.79791055276396
2024-03-12,DFW,32.21494440632116,13.55810175061427
2024-03-13,SFO,22.531661386466354,9.495101075492462
2024-03-14,DFW,-3.0325970584197846,21.712353911445376
2024-03-15,JFK,23.384000426151083,7.907291312179721
2024-03-16,LAX,32.7669693210041,37.07537840826704
2024-03-17,LAX,24.471906912998833,43.931720406796686
2024-03-18,LAX,21.23509411929268,38.93728958008688
2024-03-19,LAX,6.09481486378748,25.736598915679643
2024-03-20,LAX,25.26913953889145,8.003964614571712
2024-03-21,SFO,14.131848437090344,42.2351236303301
2024-03-22,LAX,0.9260162509069314,29.475460821204884
2024-03-23,JFK,18.10216966749378,10.513361927162407
2024-03-24,ATL,23.340954765325094,4.326379180428125
2024-03-25,JFK,10.720437848549327,35.967926322997265
2024-03-26,ATL,4.26629417912922,4.016548973624961
2024-03-27,DFW,11.251643411124949,49.681104922033306
2024-03-28,JFK,19.8340529204279,30.381412743713334
2024-03-29,ATL,32.871541896677805,48.674486257022274
2024-03-30,SFO,-2.184205830197726,17.841283651875834
2024-03-31,LAX,32.23449759049304,17.000130628518374
2024-04-01,ATL,-3.879882753465089,36.47877424744445
2024-04-02,LAX,23.404117093922387,28.946132034598303
2024-04-03,ATL,16.916699536988737,44.385758890968475
2024-04-04,JFK,33.799423757440444,24.057798791124547
2024-04-05,ATL,10.750625230438008,15.480557686565149
2024-04-06,ATL,-9.139635521416077,37.473134016209976
2024-04-07,DFW,5.170406199276131,35.17461108253387
2024-04-08,ATL,26.467928157442955,48.71280485443628
2024-04-09,LAX,12.001707507081726,30.527604443273386
2024-04-10,LAX,13.485959485633828,23.221818702087134
2024-04-11,ATL,14.808709350755578,29.288377235613606
2024-04-12,SFO,26.826990744198042,42.1337622694871
2024-04-13,JFK,26.583596060524535,49.15086455752834
2024-04-14,ATL,28.3936971081351,13.105774175060054
2024-04-15,ATL,9.457775475244329,23.257499365562794
2024-04-16,JFK,-1.427653436614344,32.31812622690677
2024-04-17,DFW,14.281918834904364,26.170999580996607
2024-04-18,DFW,-9.062629125239814,6.997241411345207
2024-04-19,DFW,3.9623944931713364,10.18526955581045
2024-04-20,JFK,17.823220602932203,10.651328187650211
2024-04-21,LAX,7.921825109258911,3.663121480057052
2024-04-22,SFO,10.356677583703448,35.26582294210794
2024-04-23,ATL,4.042415395937404,2.144526659911566
2024-04-24,LAX,-5.790242948430561,6.738041625183416
2024-04-25,DFW,26.045896896577162,22.14802140804071
2024-04-26,DFW,29.731120408071398,43.53366208460719
2024-04-27,ATL,5.2857232596684565,37.90523556402751
2024-04-28,JFK,25.922773613545957,49.05771669906437
2024-04-29,SFO,6.17027259849662,42.159494716281785
2024-04-30,JFK,-6.900110632269225,36.335728038086785
2024-05-01,SFO,5.13451037439085,20.61554857828689
2024-05-02,ATL,-9.997555651988296,4.1826128872923976
2024-05-03,ATL,13.493918666223543,3.1155543338771463
2024-05-04,SFO,20.496307718329753,34.12711455223421
2024-05-05,DFW,7.14938958488149,30.340182513215673
2024-05-06,ATL,20.719029313924196,5.174209415450965
2024-05-07,SFO,24.151723830196822,6.949281833313442
2024-05-08,LAX,-6.631798013885834,17.081182653755572
2024-05-09,SFO,10.451270515312302,34.185937952631406
2024-05-10,LAX,15.054271906912376,33.01376795172695
2024-05-11,LAX,17.021216287744995,15.000663432726146
2024-05-12,ATL,30.989545424816107,31.276710428735893
2024-05-13,LAX,28.985729386810057,45.47346976457888
2024-05-14,ATL,26.38094510005581,19.69338352762134
2024-05-15,LAX,15.136348853167892,10.05358433921445
2024-05-16,SFO,16.834451374064844,3.539084146583482
2024-05-17,SFO,20.155309209979272,17.87661914904043
2024-05-18,ATL,27.424803452346552,18.4060172457225
2024-05-19,JFK,32.09509401622783,8.99755197969806
2024-05-20,DFW,16.530761433428943,22.09195601911569
2024-05-21,DFW,9.87172833347315,34.27686218446212
2024-05-22,LAX,7.689471983373107,48.65490816658672
2024-05-23,JFK,13.520015129636406,22.785678630518234
2024-05-24,LAX,10.37465512706455,40.14738617076092
2024-05-25,LAX,0.055874588443581175,47.90785662695866
2024-05-26,JFK,27.605673711396882,25.26146082339908
2024-05-27,ATL,20.022339731378523,44.95959395353164
2024-05-28,SFO,33.394252962099536,39.69833838679563
2024-05-29,SFO,32.99705533375227,13.29638972033949
2024-05-30,ATL,12.175029142631747,47.09743052120865
2024-05-31,LAX,-1.0448267943924652,8.937429370544109
2024-06-01,ATL,-4.356869659609472,34.62670668830906
2024-06-02,DFW,8.461817515063363,29.339841402964222
2024-06-03,JFK,-4.773341739160465,11.04290451689075
2024-06-04,JFK,23.084671813386535,34.91021284421425
2024-06-05,JFK,-4.988182272967813,16.180306320711846
2024-06-06,SFO,22.0391755760919,23.04877244188315
2024-06-07,SFO,-6.294699816415514,23.151891603615116
2024-06-08,JFK,-1.7028074197474972,22.37303939275213
2024-06-09,JFK,-4.955414229626043,46.37535306159125
2024-06-10,LAX,3.7753368336055573,46.02306169459871
2024-06-11,DFW,27.83377439526457,7.119190541178188
2024-06-12,DFW,10.431573516776655,31.911409430279058
2024-06-13,JFK,33.853646397859904,36.88183647622927
2024-06-14,SFO,-9.711507446717421,12.62675620029593
2024-06-15,ATL,31.17969757074445,27.74788015146828
2024-06-16,JFK,-9.455567018099345,20.220964446994277
2024-06-17,DFW,17.45683925008426,14.176106784402304
2024-06-18,JFK,33.39240142158712,17.81375192532211
2024-06-19,LAX,0.8137189420525601,43.787375930231946
2024-06-20,LAX,-0.43940394900222657,43.20402298512521
2024-06-21,DFW,11.800815134724164,42.17002697844101
2024-06-22,LAX,31.67334498418994,48.539608434571406
2024-06-23,LAX,3.231545229245251,21.960449369042156
2024-06-24,SFO,21.686279772399484,11.816108373585859
2024-06-25,DFW,18.68112945818368,17.127155093113565
2024-06-26,ATL,24.34500803593722,32.522036664270374
2024-06-27,JFK,15.29896545221812,23.408859666303577
2024-06-28,JFK,15.056190341646563,46.06654308329124
2024-06-29,SFO,34.42792480762661,6.252376892243772
2024-06-30,LAX,17.280595172027407,44.838242547496975
2024-07-01,LAX,13.854256804527925,3.608021002847528
2024-07-02,DFW,7.439497738233513,20.072212768027686
2024-07-03,SFO,6.9526944458730355,49.75897015012251
2024-07-04,DFW,-8.607444680467475,33.30506503310141
2024-07-05,DFW,-8.020089842582856,30.532911450442096
2024-07-06,ATL,30.986789627478252,13.39259338572406
2024-07-07,LAX,32.45526432977016,8.175222409933431
2024-07-08,SFO,23.212312430358445,42.84742483594508
2024-07-09,SFO,7.722071133359371,25.470884386250532
2024-07-10,LAX,27.094366995910725,37.4559533105154
2024-07-11,SFO,11.733058443028295,17.002145424964898
2024-07-12,LAX,3.6296778661960385,13.874869199358796
2024-07-13,JFK,34.77909245516027,38.42052631566404
2024-07-14,LAX,13.38791469587547,28.648596061882653
2024-07-15,SFO,31.242997707001045,15.134568913899155
2024-07-16,SFO,21.93434670958891,7.811814499148989
2024-07-17,ATL,16.981136832011536,34.01212959208323
2024-07-18,SFO,10.501506780743945,44.1020609846767
2024-07-19,ATL,-4.65196373865454,23.130801023885088
2024-07-20,ATL,21.66435233484346,32.62426170973025
2024-07-21,JFK,32.492631015257935,1.607829515139586
2024-07-22,JFK,6.34679299440991,19.518806240514408
2024-07-23,ATL,18.603276458502833,23.895562180153707
2024-07-24,ATL,-6.882985899308014,27.90141800517037
2024-07-25,JFK,14.480475791203617,7.696221224494954
2024-07-26,DFW,10.004824551134664,26.045842965378952
2024-07-27,DFW,15.453509730391687,23.235145488929597
2024-07-28,SFO,-2.5893948140272967,39.641890360465425
2024-07-29,SFO,31.51889742479456,33.51086484299384
2024-07-30,JFK,3.3764090260581767,41.82068286027523
2024-07-31,JFK,26.56342973054479,13.146188434701983
2024-08-01,LAX,22.47164083472419,38.46947944114796
2024-08-02,LAX,21.81631799811253,8.78587412160668
2024-08-03,LAX,-3.719079599817791,27.00663778365511
2024-08-04,ATL,-8.916837736152477,34.30205153054433
2024-08-05,LAX,8.89563541359222,44.37806844614396
2024-08-06,ATL,25.412778019629734,8.195122052037206
2024-08-07,ATL,30.931570042935583,28.61750926098024
2024-08-08,DFW,3.3799078127293285,15.715935272278786
2024-08-09,DFW,-1.2571666304425015,6.944359139474182
2024-08-10,LAX,20.632271023531604,36.254226996095866
2024-08-11,JFK,-2.557704163232569,16.721858042018763
2024-08-12,SFO,-3.838934231914518,35.229455593272554
2024-08-13,JFK,31.09321201858107,13.009608086030244
2024-08-14,DFW,15.20420076562733,28.993770305988832
2024-08-15,LAX,14.033371192473965,23.40743443863444
2024-08-16,SFO,5.536808235394318,10.516218763356639
2024-08-17,ATL,24.88213347834708,4.18044851474722
2024-08-18,LAX,29.406344534623067,8.116039883377368
2024-08-19,DFW,-7.340529424808008,42.0934171806613
2024-08-20,ATL,20.37106149406599,34.71319258489621
2024-08-21,ATL,8.894619094459575,44.75090198999984
2024-08-22,JFK,8.16802877249367,33.22764001324589
2024-08-23,SFO,14.039568860263405,17.651965428157013
2024-08-24,DFW,19.507249663525375,10.43995436626809
2024-08-25,LAX,1.0435209240580168,44.323172284165146
2024-08-26,LAX,19.942601448763607,18.24652471616436
2024-08-27,ATL,2.0614592032271357,5.76773322923837
2024-08-28,ATL,-6.951879370682112,32.63175659707248
2024-08-29,DFW,30.30109626157507,44.54240446394988
2024-08-30,ATL,19.523083547826598,45.808794618598476
2024-08-31,ATL,20.319894043926652,10.50975663951177
2024-09-01,SFO,29.243217207856873,9.02964333656161
2024-09-02,JFK,11.806315251243724,22.364250009930576
2024-09-03,ATL,8.019782886388413,23.808871982374065
2024-09-04,JFK,25.296097111910278,17.704496964783928
2024-09-05,JFK,-1.2514297848132419,1.956917227371735
2024-09-06,SFO,15.04248902987942,2.135683686215273
2024-09-07,LAX,11.452878351279722,37.83142342802839
2024-09-08,LAX,30.4318638310315,40.43364844764216
2024-09-09,SFO,24.75868362355584,29.18217076822843
2024-09-10,DFW,31.460787785566154,1.6699855899443339
2024-09-11,JFK,22.13607911893311,8.300064536148488
2024-09-12,JFK,-7.333935784964197,49.099118538836585
2024-09-13,JFK,-1.2591104143058534,49.85508487820686
2024-09-14,JFK,-1.1727568984171715,36.030099732655124
2024-09-15,JFK,-4.343600291021161,38.52699834901396
2024-09-16,DFW,34.01350904348675,38.58024701953923
2024-09-17,LAX,18.91805223292407,49.35120856971616
2024-09-18,JFK,30.31476714749038,41.87988516353525
2024-09-19,SFO,1.7437887886284962,4.195137725941223
2024-09-20,SFO,27.65445219978202,28.636286196030586
2024-09-21,DFW,11.510535639233037,3.5533103341896464
2024-09-22,JFK,-4.45245968284318,25.03169488356365
2024-09-23,ATL,-2.095817417287943,1.0871229007975436
2024-09-24,LAX,-4.74376342456209,23.174980951023926
2024-09-25,ATL,23.42750721615802,20.980719464459636
2024-09-26,ATL,18.222227845375404,48.59035266172996
